date,tag_tank,lifestage,tube_ID,conditioning_treatment,acute_treatment,number_animals,animal_ID,preservation_method,time,initials,page,20240314.qPCR,20240508.qPCR,notes,notebook_link,hardcopy_link
20240228,pink,adult,148,control,ambient,1,5,DNA 70% ethanol,14:38,ash,16,,,,https://ahuffmyer.github.io/ASH_Putnam_Lab_Notebook/Lifestage-Carryover-Project-Sampling/,https://github.com/RobertsLab/project-gigas-carryover/blob/main/lifestage_carryover/data/sampling_metadata/notebook_images/page16.jpeg
20240228,pink,adult,159,control,ambient,1,7,DNA 70% ethanol,14:42,ash,16,,,,https://ahuffmyer.github.io/ASH_Putnam_Lab_Notebook/Lifestage-Carryover-Project-Sampling/,https://github.com/RobertsLab/project-gigas-carryover/blob/main/lifestage_carryover/data/sampling_metadata/notebook_images/page16.jpeg
20240228,pink,adult,179,control,ambient,1,4,DNA 70% ethanol,14:36,ash,16,,,,https://ahuffmyer.github.io/ASH_Putnam_Lab_Notebook/Lifestage-Carryover-Project-Sampling/,https://github.com/RobertsLab/project-gigas-carryover/blob/main/lifestage_carryover/data/sampling_metadata/notebook_images/page16.jpeg
20240228,pink,adult,180,control,ambient,1,6,DNA 70% ethanol,14:40,ash,16,,,,https://ahuffmyer.github.io/ASH_Putnam_Lab_Notebook/Lifestage-Carryover-Project-Sampling/,https://github.com/RobertsLab/project-gigas-carryover/blob/main/lifestage_carryover/data/sampling_metadata/notebook_images/page16.jpeg
20240228,pink,adult,312,control,ambient,1,3,DNA 70% ethanol,14:34,ash,15,,,"lots of mantle, not much gill ",https://ahuffmyer.github.io/ASH_Putnam_Lab_Notebook/Lifestage-Carryover-Project-Sampling/,https://github.com/RobertsLab/project-gigas-carryover/blob/main/lifestage_carryover/data/sampling_metadata/notebook_images/page15.jpeg
20240228,pink,adult,330,control,ambient,1,1,DNA 70% ethanol,14:30,ash,15,,,,https://ahuffmyer.github.io/ASH_Putnam_Lab_Notebook/Lifestage-Carryover-Project-Sampling/,https://github.com/RobertsLab/project-gigas-carryover/blob/main/lifestage_carryover/data/sampling_metadata/notebook_images/page15.jpeg
20240228,pink,adult,377,control,ambient,1,2,DNA 70% ethanol,14:32,ash,15,,,"lots of mantle, not much gill ",https://ahuffmyer.github.io/ASH_Putnam_Lab_Notebook/Lifestage-Carryover-Project-Sampling/,https://github.com/RobertsLab/project-gigas-carryover/blob/main/lifestage_carryover/data/sampling_metadata/notebook_images/page15.jpeg
20240228,pink,adult,379,control,ambient,1,8,DNA 70% ethanol,14:44,ash,16,,,,https://ahuffmyer.github.io/ASH_Putnam_Lab_Notebook/Lifestage-Carryover-Project-Sampling/,https://github.com/RobertsLab/project-gigas-carryover/blob/main/lifestage_carryover/data/sampling_metadata/notebook_images/page16.jpeg
20240228,pink,adult,250,control,ambient,1,8,RNA later 750 uL,14:44,ash,16,,,,https://ahuffmyer.github.io/ASH_Putnam_Lab_Notebook/Lifestage-Carryover-Project-Sampling/,https://github.com/RobertsLab/project-gigas-carryover/blob/main/lifestage_carryover/data/sampling_metadata/notebook_images/page16.jpeg
20240228,pink,adult,258,control,ambient,1,5,RNA later 750 uL,14:38,ash,16,,,,https://ahuffmyer.github.io/ASH_Putnam_Lab_Notebook/Lifestage-Carryover-Project-Sampling/,https://github.com/RobertsLab/project-gigas-carryover/blob/main/lifestage_carryover/data/sampling_metadata/notebook_images/page16.jpeg
20240228,pink,adult,268,control,ambient,1,3,RNA later 750 uL,14:34,ash,15,,,,https://ahuffmyer.github.io/ASH_Putnam_Lab_Notebook/Lifestage-Carryover-Project-Sampling/,https://github.com/RobertsLab/project-gigas-carryover/blob/main/lifestage_carryover/data/sampling_metadata/notebook_images/page15.jpeg
20240228,pink,adult,326,control,ambient,1,4,RNA later 750 uL,14:36,ash,16,,,,https://ahuffmyer.github.io/ASH_Putnam_Lab_Notebook/Lifestage-Carryover-Project-Sampling/,https://github.com/RobertsLab/project-gigas-carryover/blob/main/lifestage_carryover/data/sampling_metadata/notebook_images/page16.jpeg
20240228,pink,adult,334,control,ambient,1,6,RNA later 750 uL,14:40,ash,16,,,,https://ahuffmyer.github.io/ASH_Putnam_Lab_Notebook/Lifestage-Carryover-Project-Sampling/,https://github.com/RobertsLab/project-gigas-carryover/blob/main/lifestage_carryover/data/sampling_metadata/notebook_images/page16.jpeg
20240228,pink,adult,346,control,ambient,1,7,RNA later 750 uL,14:42,ash,16,,,,https://ahuffmyer.github.io/ASH_Putnam_Lab_Notebook/Lifestage-Carryover-Project-Sampling/,https://github.com/RobertsLab/project-gigas-carryover/blob/main/lifestage_carryover/data/sampling_metadata/notebook_images/page16.jpeg
20240228,pink,adult,360,control,ambient,1,1,RNA later 750 uL,14:30,ash,15,,,,https://ahuffmyer.github.io/ASH_Putnam_Lab_Notebook/Lifestage-Carryover-Project-Sampling/,https://github.com/RobertsLab/project-gigas-carryover/blob/main/lifestage_carryover/data/sampling_metadata/notebook_images/page15.jpeg
20240228,pink,adult,386,control,ambient,1,2,RNA later 750 uL,14:32,ash,15,,,,https://ahuffmyer.github.io/ASH_Putnam_Lab_Notebook/Lifestage-Carryover-Project-Sampling/,https://github.com/RobertsLab/project-gigas-carryover/blob/main/lifestage_carryover/data/sampling_metadata/notebook_images/page15.jpeg
20240228,pink,adult,3,control,ambient,1,2,Snap frozen ,14:32,ash,15,,,,https://ahuffmyer.github.io/ASH_Putnam_Lab_Notebook/Lifestage-Carryover-Project-Sampling/,https://github.com/RobertsLab/project-gigas-carryover/blob/main/lifestage_carryover/data/sampling_metadata/notebook_images/page15.jpeg
20240228,pink,adult,5,control,ambient,1,3,Snap frozen ,14:34,ash,15,,,,https://ahuffmyer.github.io/ASH_Putnam_Lab_Notebook/Lifestage-Carryover-Project-Sampling/,https://github.com/RobertsLab/project-gigas-carryover/blob/main/lifestage_carryover/data/sampling_metadata/notebook_images/page15.jpeg
20240228,pink,adult,16,control,ambient,1,5,Snap frozen ,14:38,ash,16,,,,https://ahuffmyer.github.io/ASH_Putnam_Lab_Notebook/Lifestage-Carryover-Project-Sampling/,https://github.com/RobertsLab/project-gigas-carryover/blob/main/lifestage_carryover/data/sampling_metadata/notebook_images/page16.jpeg
20240228,pink,adult,17,control,ambient,1,6,Snap frozen ,14:40,ash,16,,,,https://ahuffmyer.github.io/ASH_Putnam_Lab_Notebook/Lifestage-Carryover-Project-Sampling/,https://github.com/RobertsLab/project-gigas-carryover/blob/main/lifestage_carryover/data/sampling_metadata/notebook_images/page16.jpeg
20240228,pink,adult,80,control,ambient,1,4,Snap frozen ,14:36,ash,16,,,,https://ahuffmyer.github.io/ASH_Putnam_Lab_Notebook/Lifestage-Carryover-Project-Sampling/,https://github.com/RobertsLab/project-gigas-carryover/blob/main/lifestage_carryover/data/sampling_metadata/notebook_images/page16.jpeg
20240228,pink,adult,87,control,ambient,1,8,Snap frozen ,14:44,ash,16,,,,https://ahuffmyer.github.io/ASH_Putnam_Lab_Notebook/Lifestage-Carryover-Project-Sampling/,https://github.com/RobertsLab/project-gigas-carryover/blob/main/lifestage_carryover/data/sampling_metadata/notebook_images/page16.jpeg
20240228,pink,adult,94,control,ambient,1,1,Snap frozen ,14:30,ash,15,,,,https://ahuffmyer.github.io/ASH_Putnam_Lab_Notebook/Lifestage-Carryover-Project-Sampling/,https://github.com/RobertsLab/project-gigas-carryover/blob/main/lifestage_carryover/data/sampling_metadata/notebook_images/page15.jpeg
20240228,pink,adult,13*,control,ambient,1,7,Snap frozen ,14:42,ash,16,,,duplicate no. 13 labels. One is adult and one is spat. This tube should have only adult gill tissue. Confirm label,https://ahuffmyer.github.io/ASH_Putnam_Lab_Notebook/Lifestage-Carryover-Project-Sampling/,https://github.com/RobertsLab/project-gigas-carryover/blob/main/lifestage_carryover/data/sampling_metadata/notebook_images/page16.jpeg
20240228,pink,adult,107,control,high,1,6,DNA 70% ethanol,15:10,ash,19,,,,https://ahuffmyer.github.io/ASH_Putnam_Lab_Notebook/Lifestage-Carryover-Project-Sampling/,https://github.com/RobertsLab/project-gigas-carryover/blob/main/lifestage_carryover/data/sampling_metadata/notebook_images/page19.jpeg
20240228,pink,adult,132,control,high,1,7,DNA 70% ethanol,15:12,ash,19,,,,https://ahuffmyer.github.io/ASH_Putnam_Lab_Notebook/Lifestage-Carryover-Project-Sampling/,https://github.com/RobertsLab/project-gigas-carryover/blob/main/lifestage_carryover/data/sampling_metadata/notebook_images/page19.jpeg
20240228,pink,adult,135,control,high,1,2,DNA 70% ethanol,15:03,ash,18,,,,https://ahuffmyer.github.io/ASH_Putnam_Lab_Notebook/Lifestage-Carryover-Project-Sampling/,https://github.com/RobertsLab/project-gigas-carryover/blob/main/lifestage_carryover/data/sampling_metadata/notebook_images/page18.jpeg
20240228,pink,adult,157,control,high,1,8,DNA 70% ethanol,15:14,ash,20,,,,https://ahuffmyer.github.io/ASH_Putnam_Lab_Notebook/Lifestage-Carryover-Project-Sampling/,https://github.com/RobertsLab/project-gigas-carryover/blob/main/lifestage_carryover/data/sampling_metadata/notebook_images/page20.jpeg
20240228,pink,adult,166,control,high,1,4,DNA 70% ethanol,15:06,ash,19,,,,https://ahuffmyer.github.io/ASH_Putnam_Lab_Notebook/Lifestage-Carryover-Project-Sampling/,https://github.com/RobertsLab/project-gigas-carryover/blob/main/lifestage_carryover/data/sampling_metadata/notebook_images/page19.jpeg
20240228,pink,adult,186,control,high,1,3,DNA 70% ethanol,15:04,ash,19,,,,https://ahuffmyer.github.io/ASH_Putnam_Lab_Notebook/Lifestage-Carryover-Project-Sampling/,https://github.com/RobertsLab/project-gigas-carryover/blob/main/lifestage_carryover/data/sampling_metadata/notebook_images/page19.jpeg
20240228,pink,adult,215,control,high,1,5,DNA 70% ethanol,15:08,ash,19,,,,https://ahuffmyer.github.io/ASH_Putnam_Lab_Notebook/Lifestage-Carryover-Project-Sampling/,https://github.com/RobertsLab/project-gigas-carryover/blob/main/lifestage_carryover/data/sampling_metadata/notebook_images/page19.jpeg
20240228,pink,adult,382,control,high,1,1,DNA 70% ethanol,15:02,ash,18,,,,https://ahuffmyer.github.io/ASH_Putnam_Lab_Notebook/Lifestage-Carryover-Project-Sampling/,https://github.com/RobertsLab/project-gigas-carryover/blob/main/lifestage_carryover/data/sampling_metadata/notebook_images/page18.jpeg
20240228,pink,adult,207,control,high,1,1,RNA later 750 uL,15:02,ash,18,,,,https://ahuffmyer.github.io/ASH_Putnam_Lab_Notebook/Lifestage-Carryover-Project-Sampling/,https://github.com/RobertsLab/project-gigas-carryover/blob/main/lifestage_carryover/data/sampling_metadata/notebook_images/page18.jpeg
20240228,pink,adult,248,control,high,1,4,RNA later 750 uL,15:06,ash,19,,,,https://ahuffmyer.github.io/ASH_Putnam_Lab_Notebook/Lifestage-Carryover-Project-Sampling/,https://github.com/RobertsLab/project-gigas-carryover/blob/main/lifestage_carryover/data/sampling_metadata/notebook_images/page19.jpeg
20240228,pink,adult,316,control,high,1,6,RNA later 750 uL,15:10,ash,19,,,,https://ahuffmyer.github.io/ASH_Putnam_Lab_Notebook/Lifestage-Carryover-Project-Sampling/,https://github.com/RobertsLab/project-gigas-carryover/blob/main/lifestage_carryover/data/sampling_metadata/notebook_images/page19.jpeg
20240228,pink,adult,341,control,high,1,3,RNA later 750 uL,15:04,ash,19,,,,https://ahuffmyer.github.io/ASH_Putnam_Lab_Notebook/Lifestage-Carryover-Project-Sampling/,https://github.com/RobertsLab/project-gigas-carryover/blob/main/lifestage_carryover/data/sampling_metadata/notebook_images/page19.jpeg
20240228,pink,adult,344,control,high,1,5,RNA later 750 uL,15:08,ash,19,,,,https://ahuffmyer.github.io/ASH_Putnam_Lab_Notebook/Lifestage-Carryover-Project-Sampling/,https://github.com/RobertsLab/project-gigas-carryover/blob/main/lifestage_carryover/data/sampling_metadata/notebook_images/page19.jpeg
20240228,pink,adult,349,control,high,1,8,RNA later 750 uL,15:14,ash,20,,,,https://ahuffmyer.github.io/ASH_Putnam_Lab_Notebook/Lifestage-Carryover-Project-Sampling/,https://github.com/RobertsLab/project-gigas-carryover/blob/main/lifestage_carryover/data/sampling_metadata/notebook_images/page20.jpeg
20240228,pink,adult,394,control,high,1,7,RNA later 750 uL,15:12,ash,19,,,,https://ahuffmyer.github.io/ASH_Putnam_Lab_Notebook/Lifestage-Carryover-Project-Sampling/,https://github.com/RobertsLab/project-gigas-carryover/blob/main/lifestage_carryover/data/sampling_metadata/notebook_images/page19.jpeg
20240228,pink,adult,395,control,high,1,2,RNA later 750 uL,15:03,ash,18,,,,https://ahuffmyer.github.io/ASH_Putnam_Lab_Notebook/Lifestage-Carryover-Project-Sampling/,https://github.com/RobertsLab/project-gigas-carryover/blob/main/lifestage_carryover/data/sampling_metadata/notebook_images/page18.jpeg
20240228,pink,adult,20,control,high,1,1,Snap frozen ,15:02,ash,18,,,,https://ahuffmyer.github.io/ASH_Putnam_Lab_Notebook/Lifestage-Carryover-Project-Sampling/,https://github.com/RobertsLab/project-gigas-carryover/blob/main/lifestage_carryover/data/sampling_metadata/notebook_images/page18.jpeg
20240228,pink,adult,23,control,high,1,5,Snap frozen ,15:08,ash,19,,,,https://ahuffmyer.github.io/ASH_Putnam_Lab_Notebook/Lifestage-Carryover-Project-Sampling/,https://github.com/RobertsLab/project-gigas-carryover/blob/main/lifestage_carryover/data/sampling_metadata/notebook_images/page19.jpeg
20240228,pink,adult,26,control,high,1,8,Snap frozen ,15:14,ash,20,,,,https://ahuffmyer.github.io/ASH_Putnam_Lab_Notebook/Lifestage-Carryover-Project-Sampling/,https://github.com/RobertsLab/project-gigas-carryover/blob/main/lifestage_carryover/data/sampling_metadata/notebook_images/page20.jpeg
20240228,pink,adult,32,control,high,1,7,Snap frozen ,15:12,ash,19,,,,https://ahuffmyer.github.io/ASH_Putnam_Lab_Notebook/Lifestage-Carryover-Project-Sampling/,https://github.com/RobertsLab/project-gigas-carryover/blob/main/lifestage_carryover/data/sampling_metadata/notebook_images/page19.jpeg
20240228,pink,adult,33,control,high,1,2,Snap frozen ,15:03,ash,18,,,,https://ahuffmyer.github.io/ASH_Putnam_Lab_Notebook/Lifestage-Carryover-Project-Sampling/,https://github.com/RobertsLab/project-gigas-carryover/blob/main/lifestage_carryover/data/sampling_metadata/notebook_images/page18.jpeg
20240228,pink,adult,67,control,high,1,3,Snap frozen ,15:04,ash,19,,,,https://ahuffmyer.github.io/ASH_Putnam_Lab_Notebook/Lifestage-Carryover-Project-Sampling/,https://github.com/RobertsLab/project-gigas-carryover/blob/main/lifestage_carryover/data/sampling_metadata/notebook_images/page19.jpeg
20240228,pink,adult,70,control,high,1,6,Snap frozen ,15:10,ash,19,,,,https://ahuffmyer.github.io/ASH_Putnam_Lab_Notebook/Lifestage-Carryover-Project-Sampling/,https://github.com/RobertsLab/project-gigas-carryover/blob/main/lifestage_carryover/data/sampling_metadata/notebook_images/page19.jpeg
20240228,pink,adult,90,control,high,1,4,Snap frozen ,15:06,ash,19,,,,https://ahuffmyer.github.io/ASH_Putnam_Lab_Notebook/Lifestage-Carryover-Project-Sampling/,https://github.com/RobertsLab/project-gigas-carryover/blob/main/lifestage_carryover/data/sampling_metadata/notebook_images/page19.jpeg
20240228,pink,adult,112,treated,ambient,1,8,DNA 70% ethanol,14:59,ash,18,,,,https://ahuffmyer.github.io/ASH_Putnam_Lab_Notebook/Lifestage-Carryover-Project-Sampling/,https://github.com/RobertsLab/project-gigas-carryover/blob/main/lifestage_carryover/data/sampling_metadata/notebook_images/page18.jpeg
20240228,pink,adult,116,treated,ambient,1,6,DNA 70% ethanol,14:55,ash,18,,,,https://ahuffmyer.github.io/ASH_Putnam_Lab_Notebook/Lifestage-Carryover-Project-Sampling/,https://github.com/RobertsLab/project-gigas-carryover/blob/main/lifestage_carryover/data/sampling_metadata/notebook_images/page18.jpeg
20240228,pink,adult,118,treated,ambient,1,4,DNA 70% ethanol,14:53,ash,17,,,,https://ahuffmyer.github.io/ASH_Putnam_Lab_Notebook/Lifestage-Carryover-Project-Sampling/,https://github.com/RobertsLab/project-gigas-carryover/blob/main/lifestage_carryover/data/sampling_metadata/notebook_images/page17.jpeg
20240228,pink,adult,133,treated,ambient,1,5,DNA 70% ethanol,14:55,ash,17,,,,https://ahuffmyer.github.io/ASH_Putnam_Lab_Notebook/Lifestage-Carryover-Project-Sampling/,https://github.com/RobertsLab/project-gigas-carryover/blob/main/lifestage_carryover/data/sampling_metadata/notebook_images/page17.jpeg
20240228,pink,adult,154,treated,ambient,1,3,DNA 70% ethanol,14:51,ash,17,,,,https://ahuffmyer.github.io/ASH_Putnam_Lab_Notebook/Lifestage-Carryover-Project-Sampling/,https://github.com/RobertsLab/project-gigas-carryover/blob/main/lifestage_carryover/data/sampling_metadata/notebook_images/page17.jpeg
20240228,pink,adult,199,treated,ambient,1,1,DNA 70% ethanol,14:47,ash,17,,,,https://ahuffmyer.github.io/ASH_Putnam_Lab_Notebook/Lifestage-Carryover-Project-Sampling/,https://github.com/RobertsLab/project-gigas-carryover/blob/main/lifestage_carryover/data/sampling_metadata/notebook_images/page17.jpeg
20240228,pink,adult,339,treated,ambient,1,7,DNA 70% ethanol,14:57,ash,18,,,,https://ahuffmyer.github.io/ASH_Putnam_Lab_Notebook/Lifestage-Carryover-Project-Sampling/,https://github.com/RobertsLab/project-gigas-carryover/blob/main/lifestage_carryover/data/sampling_metadata/notebook_images/page18.jpeg
20240228,pink,adult,363,treated,ambient,1,2,DNA 70% ethanol,14:49,ash,17,,,,https://ahuffmyer.github.io/ASH_Putnam_Lab_Notebook/Lifestage-Carryover-Project-Sampling/,https://github.com/RobertsLab/project-gigas-carryover/blob/main/lifestage_carryover/data/sampling_metadata/notebook_images/page17.jpeg
20240228,pink,adult,203,treated,ambient,1,6,RNA later 750 uL,14:55,ash,18,,,,https://ahuffmyer.github.io/ASH_Putnam_Lab_Notebook/Lifestage-Carryover-Project-Sampling/,https://github.com/RobertsLab/project-gigas-carryover/blob/main/lifestage_carryover/data/sampling_metadata/notebook_images/page18.jpeg
20240228,pink,adult,204,treated,ambient,1,5,RNA later 750 uL,14:55,ash,17,,,,https://ahuffmyer.github.io/ASH_Putnam_Lab_Notebook/Lifestage-Carryover-Project-Sampling/,https://github.com/RobertsLab/project-gigas-carryover/blob/main/lifestage_carryover/data/sampling_metadata/notebook_images/page17.jpeg
20240228,pink,adult,208,treated,ambient,1,1,RNA later 750 uL,14:47,ash,17,,,,https://ahuffmyer.github.io/ASH_Putnam_Lab_Notebook/Lifestage-Carryover-Project-Sampling/,https://github.com/RobertsLab/project-gigas-carryover/blob/main/lifestage_carryover/data/sampling_metadata/notebook_images/page17.jpeg
20240228,pink,adult,219,treated,ambient,1,2,RNA later 750 uL,14:49,ash,17,,,,https://ahuffmyer.github.io/ASH_Putnam_Lab_Notebook/Lifestage-Carryover-Project-Sampling/,https://github.com/RobertsLab/project-gigas-carryover/blob/main/lifestage_carryover/data/sampling_metadata/notebook_images/page17.jpeg
20240228,pink,adult,294,treated,ambient,1,4,RNA later 750 uL,14:53,ash,17,,,,https://ahuffmyer.github.io/ASH_Putnam_Lab_Notebook/Lifestage-Carryover-Project-Sampling/,https://github.com/RobertsLab/project-gigas-carryover/blob/main/lifestage_carryover/data/sampling_metadata/notebook_images/page17.jpeg
20240228,pink,adult,318,treated,ambient,1,3,RNA later 750 uL,14:51,ash,17,,,,https://ahuffmyer.github.io/ASH_Putnam_Lab_Notebook/Lifestage-Carryover-Project-Sampling/,https://github.com/RobertsLab/project-gigas-carryover/blob/main/lifestage_carryover/data/sampling_metadata/notebook_images/page17.jpeg
20240228,pink,adult,353,treated,ambient,1,7,RNA later 750 uL,14:57,ash,18,,,,https://ahuffmyer.github.io/ASH_Putnam_Lab_Notebook/Lifestage-Carryover-Project-Sampling/,https://github.com/RobertsLab/project-gigas-carryover/blob/main/lifestage_carryover/data/sampling_metadata/notebook_images/page18.jpeg
20240228,pink,adult,378,treated,ambient,1,8,RNA later 750 uL,14:59,ash,18,,,,https://ahuffmyer.github.io/ASH_Putnam_Lab_Notebook/Lifestage-Carryover-Project-Sampling/,https://github.com/RobertsLab/project-gigas-carryover/blob/main/lifestage_carryover/data/sampling_metadata/notebook_images/page18.jpeg
20240228,pink,adult,7,treated,ambient,1,8,Snap frozen ,14:59,ash,18,,,,https://ahuffmyer.github.io/ASH_Putnam_Lab_Notebook/Lifestage-Carryover-Project-Sampling/,https://github.com/RobertsLab/project-gigas-carryover/blob/main/lifestage_carryover/data/sampling_metadata/notebook_images/page18.jpeg
20240228,pink,adult,31,treated,ambient,1,1,Snap frozen ,14:47,ash,17,,,,https://ahuffmyer.github.io/ASH_Putnam_Lab_Notebook/Lifestage-Carryover-Project-Sampling/,https://github.com/RobertsLab/project-gigas-carryover/blob/main/lifestage_carryover/data/sampling_metadata/notebook_images/page17.jpeg
20240228,pink,adult,35,treated,ambient,1,7,Snap frozen ,14:57,ash,18,,,,https://ahuffmyer.github.io/ASH_Putnam_Lab_Notebook/Lifestage-Carryover-Project-Sampling/,https://github.com/RobertsLab/project-gigas-carryover/blob/main/lifestage_carryover/data/sampling_metadata/notebook_images/page18.jpeg
20240228,pink,adult,37,treated,ambient,1,2,Snap frozen ,14:49,ash,17,,,,https://ahuffmyer.github.io/ASH_Putnam_Lab_Notebook/Lifestage-Carryover-Project-Sampling/,https://github.com/RobertsLab/project-gigas-carryover/blob/main/lifestage_carryover/data/sampling_metadata/notebook_images/page17.jpeg
20240228,pink,adult,41,treated,ambient,1,6,Snap frozen ,14:55,ash,18,,,,https://ahuffmyer.github.io/ASH_Putnam_Lab_Notebook/Lifestage-Carryover-Project-Sampling/,https://github.com/RobertsLab/project-gigas-carryover/blob/main/lifestage_carryover/data/sampling_metadata/notebook_images/page18.jpeg
20240228,pink,adult,54,treated,ambient,1,4,Snap frozen ,14:53,ash,17,,,,https://ahuffmyer.github.io/ASH_Putnam_Lab_Notebook/Lifestage-Carryover-Project-Sampling/,https://github.com/RobertsLab/project-gigas-carryover/blob/main/lifestage_carryover/data/sampling_metadata/notebook_images/page17.jpeg
20240228,pink,adult,84,treated,ambient,1,3,Snap frozen ,14:51,ash,17,,,,https://ahuffmyer.github.io/ASH_Putnam_Lab_Notebook/Lifestage-Carryover-Project-Sampling/,https://github.com/RobertsLab/project-gigas-carryover/blob/main/lifestage_carryover/data/sampling_metadata/notebook_images/page17.jpeg
20240228,pink,adult,100,treated,ambient,1,5,Snap frozen ,14:55,ash,17,,,,https://ahuffmyer.github.io/ASH_Putnam_Lab_Notebook/Lifestage-Carryover-Project-Sampling/,https://github.com/RobertsLab/project-gigas-carryover/blob/main/lifestage_carryover/data/sampling_metadata/notebook_images/page17.jpeg
20240228,pink,adult,103,treated,high,1,8,DNA 70% ethanol,15:39,ash,21,,,mostly mantle,https://ahuffmyer.github.io/ASH_Putnam_Lab_Notebook/Lifestage-Carryover-Project-Sampling/,https://github.com/RobertsLab/project-gigas-carryover/blob/main/lifestage_carryover/data/sampling_metadata/notebook_images/page21.jpeg
20240228,pink,adult,108,treated,high,1,6,DNA 70% ethanol,15:35,ash,21,,,,https://ahuffmyer.github.io/ASH_Putnam_Lab_Notebook/Lifestage-Carryover-Project-Sampling/,https://github.com/RobertsLab/project-gigas-carryover/blob/main/lifestage_carryover/data/sampling_metadata/notebook_images/page21.jpeg
20240228,pink,adult,117,treated,high,1,5,DNA 70% ethanol,15:33,ash,21,,,,https://ahuffmyer.github.io/ASH_Putnam_Lab_Notebook/Lifestage-Carryover-Project-Sampling/,https://github.com/RobertsLab/project-gigas-carryover/blob/main/lifestage_carryover/data/sampling_metadata/notebook_images/page21.jpeg
20240228,pink,adult,127,treated,high,1,4,DNA 70% ethanol,15:31,ash,20,,,,https://ahuffmyer.github.io/ASH_Putnam_Lab_Notebook/Lifestage-Carryover-Project-Sampling/,https://github.com/RobertsLab/project-gigas-carryover/blob/main/lifestage_carryover/data/sampling_metadata/notebook_images/page20.jpeg
20240228,pink,adult,165,treated,high,1,7,DNA 70% ethanol,15:37,ash,21,,,,https://ahuffmyer.github.io/ASH_Putnam_Lab_Notebook/Lifestage-Carryover-Project-Sampling/,https://github.com/RobertsLab/project-gigas-carryover/blob/main/lifestage_carryover/data/sampling_metadata/notebook_images/page21.jpeg
20240228,pink,adult,185,treated,high,1,1,DNA 70% ethanol,15:25,ash,20,,,,https://ahuffmyer.github.io/ASH_Putnam_Lab_Notebook/Lifestage-Carryover-Project-Sampling/,https://github.com/RobertsLab/project-gigas-carryover/blob/main/lifestage_carryover/data/sampling_metadata/notebook_images/page20.jpeg
20240228,pink,adult,190,treated,high,1,2,DNA 70% ethanol,15:27,ash,20,,,,https://ahuffmyer.github.io/ASH_Putnam_Lab_Notebook/Lifestage-Carryover-Project-Sampling/,https://github.com/RobertsLab/project-gigas-carryover/blob/main/lifestage_carryover/data/sampling_metadata/notebook_images/page20.jpeg
20240228,pink,adult,196,treated,high,1,3,DNA 70% ethanol,15:29,ash,20,,,,https://ahuffmyer.github.io/ASH_Putnam_Lab_Notebook/Lifestage-Carryover-Project-Sampling/,https://github.com/RobertsLab/project-gigas-carryover/blob/main/lifestage_carryover/data/sampling_metadata/notebook_images/page20.jpeg
20240228,pink,adult,232,treated,high,1,8,RNA later 750 uL,15:39,ash,21,,,,https://ahuffmyer.github.io/ASH_Putnam_Lab_Notebook/Lifestage-Carryover-Project-Sampling/,https://github.com/RobertsLab/project-gigas-carryover/blob/main/lifestage_carryover/data/sampling_metadata/notebook_images/page21.jpeg
20240228,pink,adult,237,treated,high,1,6,RNA later 750 uL,15:35,ash,21,,,,https://ahuffmyer.github.io/ASH_Putnam_Lab_Notebook/Lifestage-Carryover-Project-Sampling/,https://github.com/RobertsLab/project-gigas-carryover/blob/main/lifestage_carryover/data/sampling_metadata/notebook_images/page21.jpeg
20240228,pink,adult,245,treated,high,1,7,RNA later 750 uL,15:37,ash,21,,,,https://ahuffmyer.github.io/ASH_Putnam_Lab_Notebook/Lifestage-Carryover-Project-Sampling/,https://github.com/RobertsLab/project-gigas-carryover/blob/main/lifestage_carryover/data/sampling_metadata/notebook_images/page21.jpeg
20240228,pink,adult,263,treated,high,1,4,RNA later 750 uL,15:31,ash,20,,,,https://ahuffmyer.github.io/ASH_Putnam_Lab_Notebook/Lifestage-Carryover-Project-Sampling/,https://github.com/RobertsLab/project-gigas-carryover/blob/main/lifestage_carryover/data/sampling_metadata/notebook_images/page20.jpeg
20240228,pink,adult,276,treated,high,1,3,RNA later 750 uL,15:29,ash,20,,,,https://ahuffmyer.github.io/ASH_Putnam_Lab_Notebook/Lifestage-Carryover-Project-Sampling/,https://github.com/RobertsLab/project-gigas-carryover/blob/main/lifestage_carryover/data/sampling_metadata/notebook_images/page20.jpeg
20240228,pink,adult,306,treated,high,1,2,RNA later 750 uL,15:27,ash,20,,,,https://ahuffmyer.github.io/ASH_Putnam_Lab_Notebook/Lifestage-Carryover-Project-Sampling/,https://github.com/RobertsLab/project-gigas-carryover/blob/main/lifestage_carryover/data/sampling_metadata/notebook_images/page20.jpeg
20240228,pink,adult,343,treated,high,1,5,RNA later 750 uL,15:33,ash,21,,,,https://ahuffmyer.github.io/ASH_Putnam_Lab_Notebook/Lifestage-Carryover-Project-Sampling/,https://github.com/RobertsLab/project-gigas-carryover/blob/main/lifestage_carryover/data/sampling_metadata/notebook_images/page21.jpeg
20240228,pink,adult,374,treated,high,1,1,RNA later 750 uL,15:25,ash,20,,,,https://ahuffmyer.github.io/ASH_Putnam_Lab_Notebook/Lifestage-Carryover-Project-Sampling/,https://github.com/RobertsLab/project-gigas-carryover/blob/main/lifestage_carryover/data/sampling_metadata/notebook_images/page20.jpeg
20240228,pink,adult,21,treated,high,1,5,Snap frozen ,15:33,ash,21,,,,https://ahuffmyer.github.io/ASH_Putnam_Lab_Notebook/Lifestage-Carryover-Project-Sampling/,https://github.com/RobertsLab/project-gigas-carryover/blob/main/lifestage_carryover/data/sampling_metadata/notebook_images/page21.jpeg
20240228,pink,adult,22,treated,high,1,3,Snap frozen ,15:29,ash,20,,,,https://ahuffmyer.github.io/ASH_Putnam_Lab_Notebook/Lifestage-Carryover-Project-Sampling/,https://github.com/RobertsLab/project-gigas-carryover/blob/main/lifestage_carryover/data/sampling_metadata/notebook_images/page20.jpeg
20240228,pink,adult,45,treated,high,1,4,Snap frozen ,15:31,ash,20,,,,https://ahuffmyer.github.io/ASH_Putnam_Lab_Notebook/Lifestage-Carryover-Project-Sampling/,https://github.com/RobertsLab/project-gigas-carryover/blob/main/lifestage_carryover/data/sampling_metadata/notebook_images/page20.jpeg
20240228,pink,adult,82,treated,high,1,1,Snap frozen ,15:25,ash,20,,,,https://ahuffmyer.github.io/ASH_Putnam_Lab_Notebook/Lifestage-Carryover-Project-Sampling/,https://github.com/RobertsLab/project-gigas-carryover/blob/main/lifestage_carryover/data/sampling_metadata/notebook_images/page20.jpeg
20240228,pink,adult,85,treated,high,1,6,Snap frozen ,15:35,ash,21,,,,https://ahuffmyer.github.io/ASH_Putnam_Lab_Notebook/Lifestage-Carryover-Project-Sampling/,https://github.com/RobertsLab/project-gigas-carryover/blob/main/lifestage_carryover/data/sampling_metadata/notebook_images/page21.jpeg
20240228,pink,adult,91,treated,high,1,8,Snap frozen ,15:39,ash,21,,,,https://ahuffmyer.github.io/ASH_Putnam_Lab_Notebook/Lifestage-Carryover-Project-Sampling/,https://github.com/RobertsLab/project-gigas-carryover/blob/main/lifestage_carryover/data/sampling_metadata/notebook_images/page21.jpeg
20240228,pink,adult,95,treated,high,1,7,Snap frozen ,15:37,ash,21,,,,https://ahuffmyer.github.io/ASH_Putnam_Lab_Notebook/Lifestage-Carryover-Project-Sampling/,https://github.com/RobertsLab/project-gigas-carryover/blob/main/lifestage_carryover/data/sampling_metadata/notebook_images/page21.jpeg
20240228,pink,adult,99,treated,high,1,2,Snap frozen ,15:27,ash,20,,,,https://ahuffmyer.github.io/ASH_Putnam_Lab_Notebook/Lifestage-Carryover-Project-Sampling/,https://github.com/RobertsLab/project-gigas-carryover/blob/main/lifestage_carryover/data/sampling_metadata/notebook_images/page20.jpeg
20240228,right-juvenile,juvenile,104,control,ambient,1,10,DNA 70% ethanol,13:43,ash,13,,,,https://ahuffmyer.github.io/ASH_Putnam_Lab_Notebook/Lifestage-Carryover-Project-Sampling/,https://github.com/RobertsLab/project-gigas-carryover/blob/main/lifestage_carryover/data/sampling_metadata/notebook_images/page13.jpeg
20240228,right-juvenile,juvenile,110,control,ambient,1,7,DNA 70% ethanol,13:43,ash,13,,,,https://ahuffmyer.github.io/ASH_Putnam_Lab_Notebook/Lifestage-Carryover-Project-Sampling/,https://github.com/RobertsLab/project-gigas-carryover/blob/main/lifestage_carryover/data/sampling_metadata/notebook_images/page13.jpeg
20240228,right-juvenile,juvenile,123,control,ambient,1,9,DNA 70% ethanol,13:43,ash,13,,,,https://ahuffmyer.github.io/ASH_Putnam_Lab_Notebook/Lifestage-Carryover-Project-Sampling/,https://github.com/RobertsLab/project-gigas-carryover/blob/main/lifestage_carryover/data/sampling_metadata/notebook_images/page13.jpeg
20240228,right-juvenile,juvenile,125,control,ambient,1,12,DNA 70% ethanol,13:43,ash,13,,,,https://ahuffmyer.github.io/ASH_Putnam_Lab_Notebook/Lifestage-Carryover-Project-Sampling/,https://github.com/RobertsLab/project-gigas-carryover/blob/main/lifestage_carryover/data/sampling_metadata/notebook_images/page13.jpeg
20240228,right-juvenile,juvenile,171,control,ambient,1,11,DNA 70% ethanol,13:43,ash,13,,,,https://ahuffmyer.github.io/ASH_Putnam_Lab_Notebook/Lifestage-Carryover-Project-Sampling/,https://github.com/RobertsLab/project-gigas-carryover/blob/main/lifestage_carryover/data/sampling_metadata/notebook_images/page13.jpeg
20240228,right-juvenile,juvenile,175,control,ambient,1,8,DNA 70% ethanol,13:43,ash,13,,,,https://ahuffmyer.github.io/ASH_Putnam_Lab_Notebook/Lifestage-Carryover-Project-Sampling/,https://github.com/RobertsLab/project-gigas-carryover/blob/main/lifestage_carryover/data/sampling_metadata/notebook_images/page13.jpeg
20240228,right-juvenile,juvenile,205,control,ambient,1,5,RNA later 750 uL,13:38,ash,13,,,,https://ahuffmyer.github.io/ASH_Putnam_Lab_Notebook/Lifestage-Carryover-Project-Sampling/,https://github.com/RobertsLab/project-gigas-carryover/blob/main/lifestage_carryover/data/sampling_metadata/notebook_images/page13.jpeg
20240228,right-juvenile,juvenile,238,control,ambient,1,2,RNA later 750 uL,13:38,ash,13,,,,https://ahuffmyer.github.io/ASH_Putnam_Lab_Notebook/Lifestage-Carryover-Project-Sampling/,https://github.com/RobertsLab/project-gigas-carryover/blob/main/lifestage_carryover/data/sampling_metadata/notebook_images/page13.jpeg
20240228,right-juvenile,juvenile,273,control,ambient,1,3,RNA later 750 uL,13:38,ash,13,,,,https://ahuffmyer.github.io/ASH_Putnam_Lab_Notebook/Lifestage-Carryover-Project-Sampling/,https://github.com/RobertsLab/project-gigas-carryover/blob/main/lifestage_carryover/data/sampling_metadata/notebook_images/page13.jpeg
20240228,right-juvenile,juvenile,279,control,ambient,1,4,RNA later 750 uL,13:38,ash,13,,,,https://ahuffmyer.github.io/ASH_Putnam_Lab_Notebook/Lifestage-Carryover-Project-Sampling/,https://github.com/RobertsLab/project-gigas-carryover/blob/main/lifestage_carryover/data/sampling_metadata/notebook_images/page13.jpeg
20240228,right-juvenile,juvenile,293,control,ambient,1,1,RNA later 750 uL,13:38,ash,13,,,,https://ahuffmyer.github.io/ASH_Putnam_Lab_Notebook/Lifestage-Carryover-Project-Sampling/,https://github.com/RobertsLab/project-gigas-carryover/blob/main/lifestage_carryover/data/sampling_metadata/notebook_images/page13.jpeg
20240228,right-juvenile,juvenile,317,control,ambient,1,6,RNA later 750 uL,13:38,ash,13,,,,https://ahuffmyer.github.io/ASH_Putnam_Lab_Notebook/Lifestage-Carryover-Project-Sampling/,https://github.com/RobertsLab/project-gigas-carryover/blob/main/lifestage_carryover/data/sampling_metadata/notebook_images/page13.jpeg
20240228,right-juvenile,juvenile,18,control,ambient,1,15,Snap frozen ,13:48,ash,14,,,,https://ahuffmyer.github.io/ASH_Putnam_Lab_Notebook/Lifestage-Carryover-Project-Sampling/,https://github.com/RobertsLab/project-gigas-carryover/blob/main/lifestage_carryover/data/sampling_metadata/notebook_images/page14.jpeg
20240228,right-juvenile,juvenile,57,control,ambient,1,14,Snap frozen ,13:48,ash,14,,,,https://ahuffmyer.github.io/ASH_Putnam_Lab_Notebook/Lifestage-Carryover-Project-Sampling/,https://github.com/RobertsLab/project-gigas-carryover/blob/main/lifestage_carryover/data/sampling_metadata/notebook_images/page14.jpeg
20240228,right-juvenile,juvenile,65,control,ambient,1,17,Snap frozen ,13:48,ash,14,,,,https://ahuffmyer.github.io/ASH_Putnam_Lab_Notebook/Lifestage-Carryover-Project-Sampling/,https://github.com/RobertsLab/project-gigas-carryover/blob/main/lifestage_carryover/data/sampling_metadata/notebook_images/page14.jpeg
20240228,right-juvenile,juvenile,75,control,ambient,1,13,Snap frozen ,13:48,ash,14,,,,https://ahuffmyer.github.io/ASH_Putnam_Lab_Notebook/Lifestage-Carryover-Project-Sampling/,https://github.com/RobertsLab/project-gigas-carryover/blob/main/lifestage_carryover/data/sampling_metadata/notebook_images/page14.jpeg
20240228,right-juvenile,juvenile,79,control,ambient,1,16,Snap frozen ,13:48,ash,14,,,,https://ahuffmyer.github.io/ASH_Putnam_Lab_Notebook/Lifestage-Carryover-Project-Sampling/,https://github.com/RobertsLab/project-gigas-carryover/blob/main/lifestage_carryover/data/sampling_metadata/notebook_images/page14.jpeg
20240228,right-juvenile,juvenile,130,control,high,1,7,DNA 70% ethanol,13:56,ash,14,,,,https://ahuffmyer.github.io/ASH_Putnam_Lab_Notebook/Lifestage-Carryover-Project-Sampling/,https://github.com/RobertsLab/project-gigas-carryover/blob/main/lifestage_carryover/data/sampling_metadata/notebook_images/page14.jpeg
20240228,right-juvenile,juvenile,141,control,high,1,8,DNA 70% ethanol,13:56,ash,14,,,,https://ahuffmyer.github.io/ASH_Putnam_Lab_Notebook/Lifestage-Carryover-Project-Sampling/,https://github.com/RobertsLab/project-gigas-carryover/blob/main/lifestage_carryover/data/sampling_metadata/notebook_images/page14.jpeg
20240228,right-juvenile,juvenile,146,control,high,1,12,DNA 70% ethanol,13:56,ash,14,,,,https://ahuffmyer.github.io/ASH_Putnam_Lab_Notebook/Lifestage-Carryover-Project-Sampling/,https://github.com/RobertsLab/project-gigas-carryover/blob/main/lifestage_carryover/data/sampling_metadata/notebook_images/page14.jpeg
20240228,right-juvenile,juvenile,150,control,high,1,9,DNA 70% ethanol,13:56,ash,14,,,,https://ahuffmyer.github.io/ASH_Putnam_Lab_Notebook/Lifestage-Carryover-Project-Sampling/,https://github.com/RobertsLab/project-gigas-carryover/blob/main/lifestage_carryover/data/sampling_metadata/notebook_images/page14.jpeg
20240228,right-juvenile,juvenile,170,control,high,1,11,DNA 70% ethanol,13:56,ash,14,,,,https://ahuffmyer.github.io/ASH_Putnam_Lab_Notebook/Lifestage-Carryover-Project-Sampling/,https://github.com/RobertsLab/project-gigas-carryover/blob/main/lifestage_carryover/data/sampling_metadata/notebook_images/page14.jpeg
20240228,right-juvenile,juvenile,195,control,high,1,10,DNA 70% ethanol,13:56,ash,14,,,,https://ahuffmyer.github.io/ASH_Putnam_Lab_Notebook/Lifestage-Carryover-Project-Sampling/,https://github.com/RobertsLab/project-gigas-carryover/blob/main/lifestage_carryover/data/sampling_metadata/notebook_images/page14.jpeg
20240228,right-juvenile,juvenile,297,control,high,1,6,RNA later 750 uL,13:52,ash,14,,,,https://ahuffmyer.github.io/ASH_Putnam_Lab_Notebook/Lifestage-Carryover-Project-Sampling/,https://github.com/RobertsLab/project-gigas-carryover/blob/main/lifestage_carryover/data/sampling_metadata/notebook_images/page14.jpeg
20240228,right-juvenile,juvenile,301,control,high,1,3,RNA later 750 uL,13:52,ash,14,,,,https://ahuffmyer.github.io/ASH_Putnam_Lab_Notebook/Lifestage-Carryover-Project-Sampling/,https://github.com/RobertsLab/project-gigas-carryover/blob/main/lifestage_carryover/data/sampling_metadata/notebook_images/page14.jpeg
20240228,right-juvenile,juvenile,324,control,high,1,4,RNA later 750 uL,13:52,ash,14,,,,https://ahuffmyer.github.io/ASH_Putnam_Lab_Notebook/Lifestage-Carryover-Project-Sampling/,https://github.com/RobertsLab/project-gigas-carryover/blob/main/lifestage_carryover/data/sampling_metadata/notebook_images/page14.jpeg
20240228,right-juvenile,juvenile,351,control,high,1,2,RNA later 750 uL,13:52,ash,14,,,,https://ahuffmyer.github.io/ASH_Putnam_Lab_Notebook/Lifestage-Carryover-Project-Sampling/,https://github.com/RobertsLab/project-gigas-carryover/blob/main/lifestage_carryover/data/sampling_metadata/notebook_images/page14.jpeg
20240228,right-juvenile,juvenile,355,control,high,1,1,RNA later 750 uL,13:52,ash,14,,,,https://ahuffmyer.github.io/ASH_Putnam_Lab_Notebook/Lifestage-Carryover-Project-Sampling/,https://github.com/RobertsLab/project-gigas-carryover/blob/main/lifestage_carryover/data/sampling_metadata/notebook_images/page14.jpeg
20240228,right-juvenile,juvenile,371,control,high,1,5,RNA later 750 uL,13:52,ash,14,,,,https://ahuffmyer.github.io/ASH_Putnam_Lab_Notebook/Lifestage-Carryover-Project-Sampling/,https://github.com/RobertsLab/project-gigas-carryover/blob/main/lifestage_carryover/data/sampling_metadata/notebook_images/page14.jpeg
20240228,right-juvenile,juvenile,12,control,high,1,14,Snap frozen ,14:01,ash,15,,,,https://ahuffmyer.github.io/ASH_Putnam_Lab_Notebook/Lifestage-Carryover-Project-Sampling/,https://github.com/RobertsLab/project-gigas-carryover/blob/main/lifestage_carryover/data/sampling_metadata/notebook_images/page15.jpeg
20240228,right-juvenile,juvenile,39,control,high,1,13,Snap frozen ,14:01,ash,15,,,,https://ahuffmyer.github.io/ASH_Putnam_Lab_Notebook/Lifestage-Carryover-Project-Sampling/,https://github.com/RobertsLab/project-gigas-carryover/blob/main/lifestage_carryover/data/sampling_metadata/notebook_images/page15.jpeg
20240228,right-juvenile,juvenile,43,control,high,1,16,Snap frozen ,14:01,ash,15,,,,https://ahuffmyer.github.io/ASH_Putnam_Lab_Notebook/Lifestage-Carryover-Project-Sampling/,https://github.com/RobertsLab/project-gigas-carryover/blob/main/lifestage_carryover/data/sampling_metadata/notebook_images/page15.jpeg
20240228,right-juvenile,juvenile,49,control,high,1,17,Snap frozen ,14:01,ash,15,,,,https://ahuffmyer.github.io/ASH_Putnam_Lab_Notebook/Lifestage-Carryover-Project-Sampling/,https://github.com/RobertsLab/project-gigas-carryover/blob/main/lifestage_carryover/data/sampling_metadata/notebook_images/page15.jpeg
20240228,right-juvenile,juvenile,71,control,high,1,15,Snap frozen ,14:01,ash,15,,,,https://ahuffmyer.github.io/ASH_Putnam_Lab_Notebook/Lifestage-Carryover-Project-Sampling/,https://github.com/RobertsLab/project-gigas-carryover/blob/main/lifestage_carryover/data/sampling_metadata/notebook_images/page15.jpeg
20240228,left-juvenile,juvenile,147,treated,ambient,1,10,DNA 70% ethanol,13:08,ash,11,,,,https://ahuffmyer.github.io/ASH_Putnam_Lab_Notebook/Lifestage-Carryover-Project-Sampling/,https://github.com/RobertsLab/project-gigas-carryover/blob/main/lifestage_carryover/data/sampling_metadata/notebook_images/page11.jpeg
20240228,left-juvenile,juvenile,152,treated,ambient,1,12,DNA 70% ethanol,13:08,ash,11,,,,https://ahuffmyer.github.io/ASH_Putnam_Lab_Notebook/Lifestage-Carryover-Project-Sampling/,https://github.com/RobertsLab/project-gigas-carryover/blob/main/lifestage_carryover/data/sampling_metadata/notebook_images/page11.jpeg
20240228,left-juvenile,juvenile,158,treated,ambient,1,9,DNA 70% ethanol,13:08,ash,11,,,,https://ahuffmyer.github.io/ASH_Putnam_Lab_Notebook/Lifestage-Carryover-Project-Sampling/,https://github.com/RobertsLab/project-gigas-carryover/blob/main/lifestage_carryover/data/sampling_metadata/notebook_images/page11.jpeg
20240228,left-juvenile,juvenile,162,treated,ambient,1,8,DNA 70% ethanol,13:08,ash,11,,,,https://ahuffmyer.github.io/ASH_Putnam_Lab_Notebook/Lifestage-Carryover-Project-Sampling/,https://github.com/RobertsLab/project-gigas-carryover/blob/main/lifestage_carryover/data/sampling_metadata/notebook_images/page11.jpeg
20240228,left-juvenile,juvenile,169,treated,ambient,1,7,DNA 70% ethanol,13:08,ash,11,,,,https://ahuffmyer.github.io/ASH_Putnam_Lab_Notebook/Lifestage-Carryover-Project-Sampling/,https://github.com/RobertsLab/project-gigas-carryover/blob/main/lifestage_carryover/data/sampling_metadata/notebook_images/page11.jpeg
20240228,left-juvenile,juvenile,188,treated,ambient,1,11,DNA 70% ethanol,13:08,ash,11,,,,https://ahuffmyer.github.io/ASH_Putnam_Lab_Notebook/Lifestage-Carryover-Project-Sampling/,https://github.com/RobertsLab/project-gigas-carryover/blob/main/lifestage_carryover/data/sampling_metadata/notebook_images/page11.jpeg
20240228,left-juvenile,juvenile,271,treated,ambient,1,5,RNA later 750 uL,12:58,ash,11,,,,https://ahuffmyer.github.io/ASH_Putnam_Lab_Notebook/Lifestage-Carryover-Project-Sampling/,https://github.com/RobertsLab/project-gigas-carryover/blob/main/lifestage_carryover/data/sampling_metadata/notebook_images/page11.jpeg
20240228,left-juvenile,juvenile,295,treated,ambient,1,6,RNA later 750 uL,12:58,ash,11,,,,https://ahuffmyer.github.io/ASH_Putnam_Lab_Notebook/Lifestage-Carryover-Project-Sampling/,https://github.com/RobertsLab/project-gigas-carryover/blob/main/lifestage_carryover/data/sampling_metadata/notebook_images/page11.jpeg
20240228,left-juvenile,juvenile,310,treated,ambient,1,2,RNA later 750 uL,12:58,ash,11,,,,https://ahuffmyer.github.io/ASH_Putnam_Lab_Notebook/Lifestage-Carryover-Project-Sampling/,https://github.com/RobertsLab/project-gigas-carryover/blob/main/lifestage_carryover/data/sampling_metadata/notebook_images/page11.jpeg
20240228,left-juvenile,juvenile,357,treated,ambient,1,3,RNA later 750 uL,12:58,ash,11,,,,https://ahuffmyer.github.io/ASH_Putnam_Lab_Notebook/Lifestage-Carryover-Project-Sampling/,https://github.com/RobertsLab/project-gigas-carryover/blob/main/lifestage_carryover/data/sampling_metadata/notebook_images/page11.jpeg
20240228,left-juvenile,juvenile,361,treated,ambient,1,1,RNA later 750 uL,12:58,ash,11,,,,https://ahuffmyer.github.io/ASH_Putnam_Lab_Notebook/Lifestage-Carryover-Project-Sampling/,https://github.com/RobertsLab/project-gigas-carryover/blob/main/lifestage_carryover/data/sampling_metadata/notebook_images/page11.jpeg
20240228,left-juvenile,juvenile,381,treated,ambient,1,4,RNA later 750 uL,12:58,ash,11,,,,https://ahuffmyer.github.io/ASH_Putnam_Lab_Notebook/Lifestage-Carryover-Project-Sampling/,https://github.com/RobertsLab/project-gigas-carryover/blob/main/lifestage_carryover/data/sampling_metadata/notebook_images/page11.jpeg
20240228,left-juvenile,juvenile,1,treated,ambient,1,16,Snap frozen ,13:16,ash,10,,,,https://ahuffmyer.github.io/ASH_Putnam_Lab_Notebook/Lifestage-Carryover-Project-Sampling/,https://github.com/RobertsLab/project-gigas-carryover/blob/main/lifestage_carryover/data/sampling_metadata/notebook_images/page10.jpeg
20240228,left-juvenile,juvenile,34,treated,ambient,1,13,Snap frozen ,13:16,ash,11,,,,https://ahuffmyer.github.io/ASH_Putnam_Lab_Notebook/Lifestage-Carryover-Project-Sampling/,https://github.com/RobertsLab/project-gigas-carryover/blob/main/lifestage_carryover/data/sampling_metadata/notebook_images/page11.jpeg
20240228,left-juvenile,juvenile,64,treated,ambient,1,17,Snap frozen ,13:16,ash,10,,,,https://ahuffmyer.github.io/ASH_Putnam_Lab_Notebook/Lifestage-Carryover-Project-Sampling/,https://github.com/RobertsLab/project-gigas-carryover/blob/main/lifestage_carryover/data/sampling_metadata/notebook_images/page10.jpeg
20240228,left-juvenile,juvenile,83,treated,ambient,1,15,Snap frozen ,13:16,ash,10,,,,https://ahuffmyer.github.io/ASH_Putnam_Lab_Notebook/Lifestage-Carryover-Project-Sampling/,https://github.com/RobertsLab/project-gigas-carryover/blob/main/lifestage_carryover/data/sampling_metadata/notebook_images/page10.jpeg
20240228,left-juvenile,juvenile,98,treated,ambient,1,14,Snap frozen ,13:16,ash,11,,,,https://ahuffmyer.github.io/ASH_Putnam_Lab_Notebook/Lifestage-Carryover-Project-Sampling/,https://github.com/RobertsLab/project-gigas-carryover/blob/main/lifestage_carryover/data/sampling_metadata/notebook_images/page11.jpeg
20240228,left-juvenile,juvenile,106,treated,high,1,9,DNA 70% ethanol,13:28,ash,12,,,,https://ahuffmyer.github.io/ASH_Putnam_Lab_Notebook/Lifestage-Carryover-Project-Sampling/,https://github.com/RobertsLab/project-gigas-carryover/blob/main/lifestage_carryover/data/sampling_metadata/notebook_images/page12.jpeg
20240228,left-juvenile,juvenile,109,treated,high,1,10,DNA 70% ethanol,13:28,ash,12,,,,https://ahuffmyer.github.io/ASH_Putnam_Lab_Notebook/Lifestage-Carryover-Project-Sampling/,https://github.com/RobertsLab/project-gigas-carryover/blob/main/lifestage_carryover/data/sampling_metadata/notebook_images/page12.jpeg
20240228,left-juvenile,juvenile,139,treated,high,1,7,DNA 70% ethanol,13:28,ash,12,,,,https://ahuffmyer.github.io/ASH_Putnam_Lab_Notebook/Lifestage-Carryover-Project-Sampling/,https://github.com/RobertsLab/project-gigas-carryover/blob/main/lifestage_carryover/data/sampling_metadata/notebook_images/page12.jpeg
20240228,left-juvenile,juvenile,149,treated,high,1,12,DNA 70% ethanol,13:28,ash,12,,,,https://ahuffmyer.github.io/ASH_Putnam_Lab_Notebook/Lifestage-Carryover-Project-Sampling/,https://github.com/RobertsLab/project-gigas-carryover/blob/main/lifestage_carryover/data/sampling_metadata/notebook_images/page12.jpeg
20240228,left-juvenile,juvenile,173,treated,high,1,11,DNA 70% ethanol,13:28,ash,12,,,,https://ahuffmyer.github.io/ASH_Putnam_Lab_Notebook/Lifestage-Carryover-Project-Sampling/,https://github.com/RobertsLab/project-gigas-carryover/blob/main/lifestage_carryover/data/sampling_metadata/notebook_images/page12.jpeg
20240228,left-juvenile,juvenile,181,treated,high,1,8,DNA 70% ethanol,13:28,ash,12,,,,https://ahuffmyer.github.io/ASH_Putnam_Lab_Notebook/Lifestage-Carryover-Project-Sampling/,https://github.com/RobertsLab/project-gigas-carryover/blob/main/lifestage_carryover/data/sampling_metadata/notebook_images/page12.jpeg
20240228,left-juvenile,juvenile,213,treated,high,1,6,RNA later 750 uL,13:23,ash,12,,,,https://ahuffmyer.github.io/ASH_Putnam_Lab_Notebook/Lifestage-Carryover-Project-Sampling/,https://github.com/RobertsLab/project-gigas-carryover/blob/main/lifestage_carryover/data/sampling_metadata/notebook_images/page12.jpeg
20240228,left-juvenile,juvenile,290,treated,high,1,4,RNA later 750 uL,13:23,ash,12,,,,https://ahuffmyer.github.io/ASH_Putnam_Lab_Notebook/Lifestage-Carryover-Project-Sampling/,https://github.com/RobertsLab/project-gigas-carryover/blob/main/lifestage_carryover/data/sampling_metadata/notebook_images/page12.jpeg
20240228,left-juvenile,juvenile,302,treated,high,1,2,RNA later 750 uL,13:23,ash,12,,,,https://ahuffmyer.github.io/ASH_Putnam_Lab_Notebook/Lifestage-Carryover-Project-Sampling/,https://github.com/RobertsLab/project-gigas-carryover/blob/main/lifestage_carryover/data/sampling_metadata/notebook_images/page12.jpeg
20240228,left-juvenile,juvenile,311,treated,high,1,1,RNA later 750 uL,13:23,ash,12,,,,https://ahuffmyer.github.io/ASH_Putnam_Lab_Notebook/Lifestage-Carryover-Project-Sampling/,https://github.com/RobertsLab/project-gigas-carryover/blob/main/lifestage_carryover/data/sampling_metadata/notebook_images/page12.jpeg
20240228,left-juvenile,juvenile,364,treated,high,1,3,RNA later 750 uL,13:23,ash,12,,,,https://ahuffmyer.github.io/ASH_Putnam_Lab_Notebook/Lifestage-Carryover-Project-Sampling/,https://github.com/RobertsLab/project-gigas-carryover/blob/main/lifestage_carryover/data/sampling_metadata/notebook_images/page12.jpeg
20240228,left-juvenile,juvenile,392,treated,high,1,5,RNA later 750 uL,13:23,ash,12,,,,https://ahuffmyer.github.io/ASH_Putnam_Lab_Notebook/Lifestage-Carryover-Project-Sampling/,https://github.com/RobertsLab/project-gigas-carryover/blob/main/lifestage_carryover/data/sampling_metadata/notebook_images/page12.jpeg
20240228,left-juvenile,juvenile,28,treated,high,1,16,Snap frozen ,13:32,ash,13,,,,https://ahuffmyer.github.io/ASH_Putnam_Lab_Notebook/Lifestage-Carryover-Project-Sampling/,https://github.com/RobertsLab/project-gigas-carryover/blob/main/lifestage_carryover/data/sampling_metadata/notebook_images/page13.jpeg
20240228,left-juvenile,juvenile,53,treated,high,1,13,Snap frozen ,13:32,ash,12,,,,https://ahuffmyer.github.io/ASH_Putnam_Lab_Notebook/Lifestage-Carryover-Project-Sampling/,https://github.com/RobertsLab/project-gigas-carryover/blob/main/lifestage_carryover/data/sampling_metadata/notebook_images/page12.jpeg
20240228,left-juvenile,juvenile,61,treated,high,1,15,Snap frozen ,13:32,ash,13,,,,https://ahuffmyer.github.io/ASH_Putnam_Lab_Notebook/Lifestage-Carryover-Project-Sampling/,https://github.com/RobertsLab/project-gigas-carryover/blob/main/lifestage_carryover/data/sampling_metadata/notebook_images/page13.jpeg
20240228,left-juvenile,juvenile,73,treated,high,1,14,Snap frozen ,13:32,ash,12,,,,https://ahuffmyer.github.io/ASH_Putnam_Lab_Notebook/Lifestage-Carryover-Project-Sampling/,https://github.com/RobertsLab/project-gigas-carryover/blob/main/lifestage_carryover/data/sampling_metadata/notebook_images/page12.jpeg
20240228,left-juvenile,juvenile,81,treated,high,1,17,Snap frozen ,13:32,ash,13,,,,https://ahuffmyer.github.io/ASH_Putnam_Lab_Notebook/Lifestage-Carryover-Project-Sampling/,https://github.com/RobertsLab/project-gigas-carryover/blob/main/lifestage_carryover/data/sampling_metadata/notebook_images/page13.jpeg
20240228,right-seed,seed,101,control,ambient,1,10,DNA 70% ethanol,11:08,kmd,6,,,,https://ahuffmyer.github.io/ASH_Putnam_Lab_Notebook/Lifestage-Carryover-Project-Sampling/,https://github.com/RobertsLab/project-gigas-carryover/blob/main/lifestage_carryover/data/sampling_metadata/notebook_images/page6.jpeg
20240228,right-seed,seed,119,control,ambient,1,9,DNA 70% ethanol,11:08,kmd,6,,,,https://ahuffmyer.github.io/ASH_Putnam_Lab_Notebook/Lifestage-Carryover-Project-Sampling/,https://github.com/RobertsLab/project-gigas-carryover/blob/main/lifestage_carryover/data/sampling_metadata/notebook_images/page6.jpeg
20240228,right-seed,seed,122,control,ambient,1,8,DNA 70% ethanol,11:08,kmd,6,,,,https://ahuffmyer.github.io/ASH_Putnam_Lab_Notebook/Lifestage-Carryover-Project-Sampling/,https://github.com/RobertsLab/project-gigas-carryover/blob/main/lifestage_carryover/data/sampling_metadata/notebook_images/page6.jpeg
20240228,right-seed,seed,155,control,ambient,1,12,DNA 70% ethanol,11:08,kmd,6,,,,https://ahuffmyer.github.io/ASH_Putnam_Lab_Notebook/Lifestage-Carryover-Project-Sampling/,https://github.com/RobertsLab/project-gigas-carryover/blob/main/lifestage_carryover/data/sampling_metadata/notebook_images/page6.jpeg
20240228,right-seed,seed,164,control,ambient,1,7,DNA 70% ethanol,11:08,kmd,6,,,,https://ahuffmyer.github.io/ASH_Putnam_Lab_Notebook/Lifestage-Carryover-Project-Sampling/,https://github.com/RobertsLab/project-gigas-carryover/blob/main/lifestage_carryover/data/sampling_metadata/notebook_images/page6.jpeg
20240228,right-seed,seed,187,control,ambient,1,11,DNA 70% ethanol,11:08,kmd,6,,,,https://ahuffmyer.github.io/ASH_Putnam_Lab_Notebook/Lifestage-Carryover-Project-Sampling/,https://github.com/RobertsLab/project-gigas-carryover/blob/main/lifestage_carryover/data/sampling_metadata/notebook_images/page6.jpeg
20240228,right-seed,seed,202,control,ambient,1,6,RNA later 750 uL,11:02,kmd,6,,,,https://ahuffmyer.github.io/ASH_Putnam_Lab_Notebook/Lifestage-Carryover-Project-Sampling/,https://github.com/RobertsLab/project-gigas-carryover/blob/main/lifestage_carryover/data/sampling_metadata/notebook_images/page6.jpeg
20240228,right-seed,seed,209,control,ambient,1,3,RNA later 750 uL,11:02,kmd,6,,,,https://ahuffmyer.github.io/ASH_Putnam_Lab_Notebook/Lifestage-Carryover-Project-Sampling/,https://github.com/RobertsLab/project-gigas-carryover/blob/main/lifestage_carryover/data/sampling_metadata/notebook_images/page6.jpeg
20240228,right-seed,seed,214,control,ambient,1,1,RNA later 750 uL,11:02,kmd,5,,,,https://ahuffmyer.github.io/ASH_Putnam_Lab_Notebook/Lifestage-Carryover-Project-Sampling/,https://github.com/RobertsLab/project-gigas-carryover/blob/main/lifestage_carryover/data/sampling_metadata/notebook_images/page5.jpeg
20240228,right-seed,seed,233,control,ambient,1,4,RNA later 750 uL,11:02,kmd,6,,,,https://ahuffmyer.github.io/ASH_Putnam_Lab_Notebook/Lifestage-Carryover-Project-Sampling/,https://github.com/RobertsLab/project-gigas-carryover/blob/main/lifestage_carryover/data/sampling_metadata/notebook_images/page6.jpeg
20240228,right-seed,seed,236,control,ambient,1,5,RNA later 750 uL,11:02,kmd,6,,,,https://ahuffmyer.github.io/ASH_Putnam_Lab_Notebook/Lifestage-Carryover-Project-Sampling/,https://github.com/RobertsLab/project-gigas-carryover/blob/main/lifestage_carryover/data/sampling_metadata/notebook_images/page6.jpeg
20240228,right-seed,seed,275,control,ambient,1,2,RNA later 750 uL,11:02,kmd,5,,,,https://ahuffmyer.github.io/ASH_Putnam_Lab_Notebook/Lifestage-Carryover-Project-Sampling/,https://github.com/RobertsLab/project-gigas-carryover/blob/main/lifestage_carryover/data/sampling_metadata/notebook_images/page5.jpeg
20240228,right-seed,seed,29,control,ambient,1,15,Snap frozen ,11:14,kmd,6,,,,https://ahuffmyer.github.io/ASH_Putnam_Lab_Notebook/Lifestage-Carryover-Project-Sampling/,https://github.com/RobertsLab/project-gigas-carryover/blob/main/lifestage_carryover/data/sampling_metadata/notebook_images/page6.jpeg
20240228,right-seed,seed,40,control,ambient,1,16,Snap frozen ,11:14,kmd,6,,,,https://ahuffmyer.github.io/ASH_Putnam_Lab_Notebook/Lifestage-Carryover-Project-Sampling/,https://github.com/RobertsLab/project-gigas-carryover/blob/main/lifestage_carryover/data/sampling_metadata/notebook_images/page6.jpeg
20240228,right-seed,seed,55,control,ambient,1,14,Snap frozen ,11:14,kmd,6,,,,https://ahuffmyer.github.io/ASH_Putnam_Lab_Notebook/Lifestage-Carryover-Project-Sampling/,https://github.com/RobertsLab/project-gigas-carryover/blob/main/lifestage_carryover/data/sampling_metadata/notebook_images/page6.jpeg
20240228,right-seed,seed,63,control,ambient,1,13,Snap frozen ,11:14,kmd,6,,,,https://ahuffmyer.github.io/ASH_Putnam_Lab_Notebook/Lifestage-Carryover-Project-Sampling/,https://github.com/RobertsLab/project-gigas-carryover/blob/main/lifestage_carryover/data/sampling_metadata/notebook_images/page6.jpeg
20240228,right-seed,seed,69,control,ambient,1,17,Snap frozen ,11:14,kmd,7,,,,https://ahuffmyer.github.io/ASH_Putnam_Lab_Notebook/Lifestage-Carryover-Project-Sampling/,https://github.com/RobertsLab/project-gigas-carryover/blob/main/lifestage_carryover/data/sampling_metadata/notebook_images/page7.jpeg
20240228,right-seed,seed,102,control,high,1,10,DNA 70% ethanol,11:27,kmd,7,,,,https://ahuffmyer.github.io/ASH_Putnam_Lab_Notebook/Lifestage-Carryover-Project-Sampling/,https://github.com/RobertsLab/project-gigas-carryover/blob/main/lifestage_carryover/data/sampling_metadata/notebook_images/page7.jpeg
20240228,right-seed,seed,140,control,high,1,7,DNA 70% ethanol,11:27,kmd,7,,,,https://ahuffmyer.github.io/ASH_Putnam_Lab_Notebook/Lifestage-Carryover-Project-Sampling/,https://github.com/RobertsLab/project-gigas-carryover/blob/main/lifestage_carryover/data/sampling_metadata/notebook_images/page7.jpeg
20240228,right-seed,seed,176,control,high,1,9,DNA 70% ethanol,11:27,kmd,7,,,,https://ahuffmyer.github.io/ASH_Putnam_Lab_Notebook/Lifestage-Carryover-Project-Sampling/,https://github.com/RobertsLab/project-gigas-carryover/blob/main/lifestage_carryover/data/sampling_metadata/notebook_images/page7.jpeg
20240228,right-seed,seed,177,control,high,1,11,DNA 70% ethanol,11:27,kmd,7,,,,https://ahuffmyer.github.io/ASH_Putnam_Lab_Notebook/Lifestage-Carryover-Project-Sampling/,https://github.com/RobertsLab/project-gigas-carryover/blob/main/lifestage_carryover/data/sampling_metadata/notebook_images/page7.jpeg
20240228,right-seed,seed,184,control,high,1,12,DNA 70% ethanol,11:27,kmd,7,,,,https://ahuffmyer.github.io/ASH_Putnam_Lab_Notebook/Lifestage-Carryover-Project-Sampling/,https://github.com/RobertsLab/project-gigas-carryover/blob/main/lifestage_carryover/data/sampling_metadata/notebook_images/page7.jpeg
20240228,right-seed,seed,192,control,high,1,8,DNA 70% ethanol,11:27,kmd,7,,,,https://ahuffmyer.github.io/ASH_Putnam_Lab_Notebook/Lifestage-Carryover-Project-Sampling/,https://github.com/RobertsLab/project-gigas-carryover/blob/main/lifestage_carryover/data/sampling_metadata/notebook_images/page7.jpeg
20240228,right-seed,seed,223,control,high,1,1,RNA later 750 uL,11:21,kmd,7,YES,,,https://ahuffmyer.github.io/ASH_Putnam_Lab_Notebook/Lifestage-Carryover-Project-Sampling/,https://github.com/RobertsLab/project-gigas-carryover/blob/main/lifestage_carryover/data/sampling_metadata/notebook_images/page7.jpeg
20240228,right-seed,seed,234,control,high,1,3,RNA later 750 uL,11:21,kmd,7,YES,,,https://ahuffmyer.github.io/ASH_Putnam_Lab_Notebook/Lifestage-Carryover-Project-Sampling/,https://github.com/RobertsLab/project-gigas-carryover/blob/main/lifestage_carryover/data/sampling_metadata/notebook_images/page7.jpeg
20240228,right-seed,seed,243,control,high,1,4,RNA later 750 uL,11:21,kmd,7,YES,,,https://ahuffmyer.github.io/ASH_Putnam_Lab_Notebook/Lifestage-Carryover-Project-Sampling/,https://github.com/RobertsLab/project-gigas-carryover/blob/main/lifestage_carryover/data/sampling_metadata/notebook_images/page7.jpeg
20240228,right-seed,seed,244,control,high,1,6,RNA later 750 uL,11:21,kmd,7,YES,,,https://ahuffmyer.github.io/ASH_Putnam_Lab_Notebook/Lifestage-Carryover-Project-Sampling/,https://github.com/RobertsLab/project-gigas-carryover/blob/main/lifestage_carryover/data/sampling_metadata/notebook_images/page7.jpeg
20240228,right-seed,seed,254,control,high,1,2,RNA later 750 uL,11:21,kmd,7,YES,,,https://ahuffmyer.github.io/ASH_Putnam_Lab_Notebook/Lifestage-Carryover-Project-Sampling/,https://github.com/RobertsLab/project-gigas-carryover/blob/main/lifestage_carryover/data/sampling_metadata/notebook_images/page7.jpeg
20240228,right-seed,seed,264,control,high,1,5,RNA later 750 uL,11:21,kmd,7,YES,,,https://ahuffmyer.github.io/ASH_Putnam_Lab_Notebook/Lifestage-Carryover-Project-Sampling/,https://github.com/RobertsLab/project-gigas-carryover/blob/main/lifestage_carryover/data/sampling_metadata/notebook_images/page7.jpeg
20240228,right-seed,seed,42,control,high,1,16,Snap frozen ,11:32,kmd,8,,,,https://ahuffmyer.github.io/ASH_Putnam_Lab_Notebook/Lifestage-Carryover-Project-Sampling/,https://github.com/RobertsLab/project-gigas-carryover/blob/main/lifestage_carryover/data/sampling_metadata/notebook_images/page8.jpeg
20240228,right-seed,seed,59,control,high,1,14,Snap frozen ,11:32,kmd,8,,,,https://ahuffmyer.github.io/ASH_Putnam_Lab_Notebook/Lifestage-Carryover-Project-Sampling/,https://github.com/RobertsLab/project-gigas-carryover/blob/main/lifestage_carryover/data/sampling_metadata/notebook_images/page8.jpeg
20240228,right-seed,seed,60,control,high,1,17,Snap frozen ,11:32,kmd,8,,,,https://ahuffmyer.github.io/ASH_Putnam_Lab_Notebook/Lifestage-Carryover-Project-Sampling/,https://github.com/RobertsLab/project-gigas-carryover/blob/main/lifestage_carryover/data/sampling_metadata/notebook_images/page8.jpeg
20240228,right-seed,seed,62,control,high,1,13,Snap frozen ,11:32,kmd,7,,,,https://ahuffmyer.github.io/ASH_Putnam_Lab_Notebook/Lifestage-Carryover-Project-Sampling/,https://github.com/RobertsLab/project-gigas-carryover/blob/main/lifestage_carryover/data/sampling_metadata/notebook_images/page7.jpeg
20240228,right-seed,seed,86,control,high,1,15,Snap frozen ,11:32,kmd,8,,,,https://ahuffmyer.github.io/ASH_Putnam_Lab_Notebook/Lifestage-Carryover-Project-Sampling/,https://github.com/RobertsLab/project-gigas-carryover/blob/main/lifestage_carryover/data/sampling_metadata/notebook_images/page8.jpeg
20240228,left-seed,seed,115,treated,ambient,1,9,DNA 70% ethanol,11:52,sgl,8,,,,https://ahuffmyer.github.io/ASH_Putnam_Lab_Notebook/Lifestage-Carryover-Project-Sampling/,https://github.com/RobertsLab/project-gigas-carryover/blob/main/lifestage_carryover/data/sampling_metadata/notebook_images/page8.jpeg
20240228,left-seed,seed,129,treated,ambient,1,8,DNA 70% ethanol,11:52,sgl,8,,,,https://ahuffmyer.github.io/ASH_Putnam_Lab_Notebook/Lifestage-Carryover-Project-Sampling/,https://github.com/RobertsLab/project-gigas-carryover/blob/main/lifestage_carryover/data/sampling_metadata/notebook_images/page8.jpeg
20240228,left-seed,seed,138,treated,ambient,1,7,DNA 70% ethanol,11:52,sgl,8,,,,https://ahuffmyer.github.io/ASH_Putnam_Lab_Notebook/Lifestage-Carryover-Project-Sampling/,https://github.com/RobertsLab/project-gigas-carryover/blob/main/lifestage_carryover/data/sampling_metadata/notebook_images/page8.jpeg
20240228,left-seed,seed,156,treated,ambient,1,10,DNA 70% ethanol,11:52,sgl,8,,,,https://ahuffmyer.github.io/ASH_Putnam_Lab_Notebook/Lifestage-Carryover-Project-Sampling/,https://github.com/RobertsLab/project-gigas-carryover/blob/main/lifestage_carryover/data/sampling_metadata/notebook_images/page8.jpeg
20240228,left-seed,seed,182,treated,ambient,1,12,DNA 70% ethanol,11:52,sgl,9,,,,https://ahuffmyer.github.io/ASH_Putnam_Lab_Notebook/Lifestage-Carryover-Project-Sampling/,https://github.com/RobertsLab/project-gigas-carryover/blob/main/lifestage_carryover/data/sampling_metadata/notebook_images/page9.jpeg
20240228,left-seed,seed,191,treated,ambient,1,11,DNA 70% ethanol,11:52,sgl,9,,,,https://ahuffmyer.github.io/ASH_Putnam_Lab_Notebook/Lifestage-Carryover-Project-Sampling/,https://github.com/RobertsLab/project-gigas-carryover/blob/main/lifestage_carryover/data/sampling_metadata/notebook_images/page9.jpeg
20240228,left-seed,seed,201,treated,ambient,1,5,RNA later 750 uL,11:42,sgl,8,,,"handwriting is unclear, confirmed this is 201 and not 271, 271 is recorded as another tube below",https://ahuffmyer.github.io/ASH_Putnam_Lab_Notebook/Lifestage-Carryover-Project-Sampling/,https://github.com/RobertsLab/project-gigas-carryover/blob/main/lifestage_carryover/data/sampling_metadata/notebook_images/page8.jpeg
20240228,left-seed,seed,227,treated,ambient,1,1,RNA later 750 uL,11:42,sgl,8,,,,https://ahuffmyer.github.io/ASH_Putnam_Lab_Notebook/Lifestage-Carryover-Project-Sampling/,https://github.com/RobertsLab/project-gigas-carryover/blob/main/lifestage_carryover/data/sampling_metadata/notebook_images/page8.jpeg
20240228,left-seed,seed,239,treated,ambient,1,3,RNA later 750 uL,11:42,sgl,8,,,double check - could be 230? Looks like a 9 though,https://ahuffmyer.github.io/ASH_Putnam_Lab_Notebook/Lifestage-Carryover-Project-Sampling/,https://github.com/RobertsLab/project-gigas-carryover/blob/main/lifestage_carryover/data/sampling_metadata/notebook_images/page8.jpeg
20240228,left-seed,seed,270,treated,ambient,1,2,RNA later 750 uL,11:42,sgl,8,,,,https://ahuffmyer.github.io/ASH_Putnam_Lab_Notebook/Lifestage-Carryover-Project-Sampling/,https://github.com/RobertsLab/project-gigas-carryover/blob/main/lifestage_carryover/data/sampling_metadata/notebook_images/page8.jpeg
20240228,left-seed,seed,277,treated,ambient,1,6,RNA later 750 uL,11:42,sgl,8,,,,https://ahuffmyer.github.io/ASH_Putnam_Lab_Notebook/Lifestage-Carryover-Project-Sampling/,https://github.com/RobertsLab/project-gigas-carryover/blob/main/lifestage_carryover/data/sampling_metadata/notebook_images/page8.jpeg
20240228,left-seed,seed,280,treated,ambient,1,4,RNA later 750 uL,11:42,sgl,8,,,,https://ahuffmyer.github.io/ASH_Putnam_Lab_Notebook/Lifestage-Carryover-Project-Sampling/,https://github.com/RobertsLab/project-gigas-carryover/blob/main/lifestage_carryover/data/sampling_metadata/notebook_images/page8.jpeg
20240228,left-seed,seed,14,treated,ambient,1,15,Snap frozen ,11:58,sgl,9,,,,https://ahuffmyer.github.io/ASH_Putnam_Lab_Notebook/Lifestage-Carryover-Project-Sampling/,https://github.com/RobertsLab/project-gigas-carryover/blob/main/lifestage_carryover/data/sampling_metadata/notebook_images/page9.jpeg
20240228,left-seed,seed,48,treated,ambient,1,16,Snap frozen ,11:58,sgl,9,,,,https://ahuffmyer.github.io/ASH_Putnam_Lab_Notebook/Lifestage-Carryover-Project-Sampling/,https://github.com/RobertsLab/project-gigas-carryover/blob/main/lifestage_carryover/data/sampling_metadata/notebook_images/page9.jpeg
20240228,left-seed,seed,66,treated,ambient,1,17,Snap frozen ,11:58,sgl,9,,,,https://ahuffmyer.github.io/ASH_Putnam_Lab_Notebook/Lifestage-Carryover-Project-Sampling/,https://github.com/RobertsLab/project-gigas-carryover/blob/main/lifestage_carryover/data/sampling_metadata/notebook_images/page9.jpeg
20240228,left-seed,seed,72,treated,ambient,1,13,Snap frozen ,11:58,sgl,9,,,,https://ahuffmyer.github.io/ASH_Putnam_Lab_Notebook/Lifestage-Carryover-Project-Sampling/,https://github.com/RobertsLab/project-gigas-carryover/blob/main/lifestage_carryover/data/sampling_metadata/notebook_images/page9.jpeg
20240228,left-seed,seed,89,treated,ambient,1,14,Snap frozen ,11:58,sgl,9,,,,https://ahuffmyer.github.io/ASH_Putnam_Lab_Notebook/Lifestage-Carryover-Project-Sampling/,https://github.com/RobertsLab/project-gigas-carryover/blob/main/lifestage_carryover/data/sampling_metadata/notebook_images/page9.jpeg
20240228,left-seed,seed,105,treated,high,1,10,DNA 70% ethanol,12:15,sgl,10,,,,https://ahuffmyer.github.io/ASH_Putnam_Lab_Notebook/Lifestage-Carryover-Project-Sampling/,https://github.com/RobertsLab/project-gigas-carryover/blob/main/lifestage_carryover/data/sampling_metadata/notebook_images/page10.jpeg
20240228,left-seed,seed,111,treated,high,1,7,DNA 70% ethanol,12:15,sgl,9,,,,https://ahuffmyer.github.io/ASH_Putnam_Lab_Notebook/Lifestage-Carryover-Project-Sampling/,https://github.com/RobertsLab/project-gigas-carryover/blob/main/lifestage_carryover/data/sampling_metadata/notebook_images/page9.jpeg
20240228,left-seed,seed,113,treated,high,1,9,DNA 70% ethanol,12:15,sgl,10,,,,https://ahuffmyer.github.io/ASH_Putnam_Lab_Notebook/Lifestage-Carryover-Project-Sampling/,https://github.com/RobertsLab/project-gigas-carryover/blob/main/lifestage_carryover/data/sampling_metadata/notebook_images/page10.jpeg
20240228,left-seed,seed,120,treated,high,1,12,DNA 70% ethanol,12:15,sgl,10,,,,https://ahuffmyer.github.io/ASH_Putnam_Lab_Notebook/Lifestage-Carryover-Project-Sampling/,https://github.com/RobertsLab/project-gigas-carryover/blob/main/lifestage_carryover/data/sampling_metadata/notebook_images/page10.jpeg
20240228,left-seed,seed,128,treated,high,1,8,DNA 70% ethanol,12:15,sgl,10,,,,https://ahuffmyer.github.io/ASH_Putnam_Lab_Notebook/Lifestage-Carryover-Project-Sampling/,https://github.com/RobertsLab/project-gigas-carryover/blob/main/lifestage_carryover/data/sampling_metadata/notebook_images/page10.jpeg
20240228,left-seed,seed,161,treated,high,1,11,DNA 70% ethanol,12:15,sgl,10,,,,https://ahuffmyer.github.io/ASH_Putnam_Lab_Notebook/Lifestage-Carryover-Project-Sampling/,https://github.com/RobertsLab/project-gigas-carryover/blob/main/lifestage_carryover/data/sampling_metadata/notebook_images/page10.jpeg
20240228,left-seed,seed,200,treated,high,1,6,RNA later 750 uL,12:06,sgl,9,YES,,,https://ahuffmyer.github.io/ASH_Putnam_Lab_Notebook/Lifestage-Carryover-Project-Sampling/,https://github.com/RobertsLab/project-gigas-carryover/blob/main/lifestage_carryover/data/sampling_metadata/notebook_images/page9.jpeg
20240228,left-seed,seed,211,treated,high,1,2,RNA later 750 uL,12:06,sgl,9,YES,,,https://ahuffmyer.github.io/ASH_Putnam_Lab_Notebook/Lifestage-Carryover-Project-Sampling/,https://github.com/RobertsLab/project-gigas-carryover/blob/main/lifestage_carryover/data/sampling_metadata/notebook_images/page9.jpeg
20240228,left-seed,seed,256,treated,high,1,4,RNA later 750 uL,12:06,sgl,9,YES,,,https://ahuffmyer.github.io/ASH_Putnam_Lab_Notebook/Lifestage-Carryover-Project-Sampling/,https://github.com/RobertsLab/project-gigas-carryover/blob/main/lifestage_carryover/data/sampling_metadata/notebook_images/page9.jpeg
20240228,left-seed,seed,257,treated,high,1,1,RNA later 750 uL,12:06,sgl,9,YES,,,https://ahuffmyer.github.io/ASH_Putnam_Lab_Notebook/Lifestage-Carryover-Project-Sampling/,https://github.com/RobertsLab/project-gigas-carryover/blob/main/lifestage_carryover/data/sampling_metadata/notebook_images/page9.jpeg
20240228,left-seed,seed,266,treated,high,1,5,RNA later 750 uL,12:06,sgl,9,YES,,,https://ahuffmyer.github.io/ASH_Putnam_Lab_Notebook/Lifestage-Carryover-Project-Sampling/,https://github.com/RobertsLab/project-gigas-carryover/blob/main/lifestage_carryover/data/sampling_metadata/notebook_images/page9.jpeg
20240228,left-seed,seed,285,treated,high,1,3,RNA later 750 uL,12:06,sgl,9,YES,,,https://ahuffmyer.github.io/ASH_Putnam_Lab_Notebook/Lifestage-Carryover-Project-Sampling/,https://github.com/RobertsLab/project-gigas-carryover/blob/main/lifestage_carryover/data/sampling_metadata/notebook_images/page9.jpeg
20240228,left-seed,seed,15,treated,high,1,17,Snap frozen ,12:24,sgl,10,,,,https://ahuffmyer.github.io/ASH_Putnam_Lab_Notebook/Lifestage-Carryover-Project-Sampling/,https://github.com/RobertsLab/project-gigas-carryover/blob/main/lifestage_carryover/data/sampling_metadata/notebook_images/page10.jpeg
20240228,left-seed,seed,19,treated,high,1,13,Snap frozen ,12:24,sgl,10,,,,https://ahuffmyer.github.io/ASH_Putnam_Lab_Notebook/Lifestage-Carryover-Project-Sampling/,https://github.com/RobertsLab/project-gigas-carryover/blob/main/lifestage_carryover/data/sampling_metadata/notebook_images/page10.jpeg
20240228,left-seed,seed,24,treated,high,1,16,Snap frozen ,12:24,sgl,10,,,,https://ahuffmyer.github.io/ASH_Putnam_Lab_Notebook/Lifestage-Carryover-Project-Sampling/,https://github.com/RobertsLab/project-gigas-carryover/blob/main/lifestage_carryover/data/sampling_metadata/notebook_images/page10.jpeg
20240228,left-seed,seed,88,treated,high,1,14,Snap frozen ,12:24,sgl,10,,,,https://ahuffmyer.github.io/ASH_Putnam_Lab_Notebook/Lifestage-Carryover-Project-Sampling/,https://github.com/RobertsLab/project-gigas-carryover/blob/main/lifestage_carryover/data/sampling_metadata/notebook_images/page10.jpeg
20240228,left-seed,seed,92,treated,high,1,15,Snap frozen ,12:24,sgl,10,,,,https://ahuffmyer.github.io/ASH_Putnam_Lab_Notebook/Lifestage-Carryover-Project-Sampling/,https://github.com/RobertsLab/project-gigas-carryover/blob/main/lifestage_carryover/data/sampling_metadata/notebook_images/page10.jpeg
20240228,right-spat ,spat,114,control,ambient,1,12,DNA 70% ethanol,10:08,kmd,3,,,,https://ahuffmyer.github.io/ASH_Putnam_Lab_Notebook/Lifestage-Carryover-Project-Sampling/,https://github.com/RobertsLab/project-gigas-carryover/blob/main/lifestage_carryover/data/sampling_metadata/notebook_images/page3.jpeg
20240228,right-spat ,spat,134,control,ambient,1,9,DNA 70% ethanol,10:08,kmd,2,,,,https://ahuffmyer.github.io/ASH_Putnam_Lab_Notebook/Lifestage-Carryover-Project-Sampling/,https://github.com/RobertsLab/project-gigas-carryover/blob/main/lifestage_carryover/data/sampling_metadata/notebook_images/page2.jpeg
20240228,right-spat ,spat,142,control,ambient,1,8,DNA 70% ethanol,10:08,kmd,2,,,,https://ahuffmyer.github.io/ASH_Putnam_Lab_Notebook/Lifestage-Carryover-Project-Sampling/,https://github.com/RobertsLab/project-gigas-carryover/blob/main/lifestage_carryover/data/sampling_metadata/notebook_images/page2.jpeg
20240228,right-spat ,spat,144,control,ambient,1,10,DNA 70% ethanol,10:08,kmd,2,,,,https://ahuffmyer.github.io/ASH_Putnam_Lab_Notebook/Lifestage-Carryover-Project-Sampling/,https://github.com/RobertsLab/project-gigas-carryover/blob/main/lifestage_carryover/data/sampling_metadata/notebook_images/page2.jpeg
20240228,right-spat ,spat,183,control,ambient,1,11,DNA 70% ethanol,10:08,kmd,2,,,,https://ahuffmyer.github.io/ASH_Putnam_Lab_Notebook/Lifestage-Carryover-Project-Sampling/,https://github.com/RobertsLab/project-gigas-carryover/blob/main/lifestage_carryover/data/sampling_metadata/notebook_images/page2.jpeg
20240228,right-spat ,spat,193,control,ambient,1,7,DNA 70% ethanol,10:08,kmd,2,,,,https://ahuffmyer.github.io/ASH_Putnam_Lab_Notebook/Lifestage-Carryover-Project-Sampling/,https://github.com/RobertsLab/project-gigas-carryover/blob/main/lifestage_carryover/data/sampling_metadata/notebook_images/page2.jpeg
20240228,right-spat ,spat,229,control,ambient,1,5,RNA later 750 uL,10:08,kmd,2,,,,https://ahuffmyer.github.io/ASH_Putnam_Lab_Notebook/Lifestage-Carryover-Project-Sampling/,https://github.com/RobertsLab/project-gigas-carryover/blob/main/lifestage_carryover/data/sampling_metadata/notebook_images/page2.jpeg
20240228,right-spat ,spat,230,control,ambient,1,1,RNA later 750 uL,10:06,kmd,2,,,,https://ahuffmyer.github.io/ASH_Putnam_Lab_Notebook/Lifestage-Carryover-Project-Sampling/,https://github.com/RobertsLab/project-gigas-carryover/blob/main/lifestage_carryover/data/sampling_metadata/notebook_images/page2.jpeg
20240228,right-spat ,spat,231,control,ambient,1,6,RNA later 750 uL,10:08,kmd,2,,,,https://ahuffmyer.github.io/ASH_Putnam_Lab_Notebook/Lifestage-Carryover-Project-Sampling/,https://github.com/RobertsLab/project-gigas-carryover/blob/main/lifestage_carryover/data/sampling_metadata/notebook_images/page2.jpeg
20240228,right-spat ,spat,240,control,ambient,1,4,RNA later 750 uL,10:06,kmd,2,,,,https://ahuffmyer.github.io/ASH_Putnam_Lab_Notebook/Lifestage-Carryover-Project-Sampling/,https://github.com/RobertsLab/project-gigas-carryover/blob/main/lifestage_carryover/data/sampling_metadata/notebook_images/page2.jpeg
20240228,right-spat ,spat,272,control,ambient,1,2,RNA later 750 uL,10:06,kmd,2,,,,https://ahuffmyer.github.io/ASH_Putnam_Lab_Notebook/Lifestage-Carryover-Project-Sampling/,https://github.com/RobertsLab/project-gigas-carryover/blob/main/lifestage_carryover/data/sampling_metadata/notebook_images/page2.jpeg
20240228,right-spat ,spat,287,control,ambient,1,3,RNA later 750 uL,10:06,kmd,2,,,,https://ahuffmyer.github.io/ASH_Putnam_Lab_Notebook/Lifestage-Carryover-Project-Sampling/,https://github.com/RobertsLab/project-gigas-carryover/blob/main/lifestage_carryover/data/sampling_metadata/notebook_images/page2.jpeg
20240228,right-spat ,spat,11,control,ambient,1,16,Snap frozen ,10:12,kmd,3,,,,https://ahuffmyer.github.io/ASH_Putnam_Lab_Notebook/Lifestage-Carryover-Project-Sampling/,https://github.com/RobertsLab/project-gigas-carryover/blob/main/lifestage_carryover/data/sampling_metadata/notebook_images/page3.jpeg
20240228,right-spat ,spat,30,control,ambient,1,13,Snap frozen ,10:12,kmd,3,,,,https://ahuffmyer.github.io/ASH_Putnam_Lab_Notebook/Lifestage-Carryover-Project-Sampling/,https://github.com/RobertsLab/project-gigas-carryover/blob/main/lifestage_carryover/data/sampling_metadata/notebook_images/page3.jpeg
20240228,right-spat ,spat,36,control,ambient,1,17,Snap frozen ,10:12,kmd,3,,,,https://ahuffmyer.github.io/ASH_Putnam_Lab_Notebook/Lifestage-Carryover-Project-Sampling/,https://github.com/RobertsLab/project-gigas-carryover/blob/main/lifestage_carryover/data/sampling_metadata/notebook_images/page3.jpeg
20240228,right-spat ,spat,52,control,ambient,1,14,Snap frozen ,10:12,kmd,3,,,,https://ahuffmyer.github.io/ASH_Putnam_Lab_Notebook/Lifestage-Carryover-Project-Sampling/,https://github.com/RobertsLab/project-gigas-carryover/blob/main/lifestage_carryover/data/sampling_metadata/notebook_images/page3.jpeg
20240228,right-spat ,spat,77,control,ambient,1,15,Snap frozen ,10:12,kmd,3,,,,https://ahuffmyer.github.io/ASH_Putnam_Lab_Notebook/Lifestage-Carryover-Project-Sampling/,https://github.com/RobertsLab/project-gigas-carryover/blob/main/lifestage_carryover/data/sampling_metadata/notebook_images/page3.jpeg
20240228,right-spat ,spat,137,control,high,1,9,DNA 70% ethanol,10:37,kmd,5,,,,https://ahuffmyer.github.io/ASH_Putnam_Lab_Notebook/Lifestage-Carryover-Project-Sampling/,https://github.com/RobertsLab/project-gigas-carryover/blob/main/lifestage_carryover/data/sampling_metadata/notebook_images/page5.jpeg
20240228,right-spat ,spat,143,control,high,1,7,DNA 70% ethanol,10:37,kmd,5,,,,https://ahuffmyer.github.io/ASH_Putnam_Lab_Notebook/Lifestage-Carryover-Project-Sampling/,https://github.com/RobertsLab/project-gigas-carryover/blob/main/lifestage_carryover/data/sampling_metadata/notebook_images/page5.jpeg
20240228,right-spat ,spat,153,control,high,1,8,DNA 70% ethanol,10:37,kmd,5,,,,https://ahuffmyer.github.io/ASH_Putnam_Lab_Notebook/Lifestage-Carryover-Project-Sampling/,https://github.com/RobertsLab/project-gigas-carryover/blob/main/lifestage_carryover/data/sampling_metadata/notebook_images/page5.jpeg
20240228,right-spat ,spat,168,control,high,1,12,DNA 70% ethanol,10:37,kmd,5,,,,https://ahuffmyer.github.io/ASH_Putnam_Lab_Notebook/Lifestage-Carryover-Project-Sampling/,https://github.com/RobertsLab/project-gigas-carryover/blob/main/lifestage_carryover/data/sampling_metadata/notebook_images/page5.jpeg
20240228,right-spat ,spat,178,control,high,1,11,DNA 70% ethanol,10:37,kmd,5,,,,https://ahuffmyer.github.io/ASH_Putnam_Lab_Notebook/Lifestage-Carryover-Project-Sampling/,https://github.com/RobertsLab/project-gigas-carryover/blob/main/lifestage_carryover/data/sampling_metadata/notebook_images/page5.jpeg
20240228,right-spat ,spat,189,control,high,1,10,DNA 70% ethanol,10:37,kmd,5,,,,https://ahuffmyer.github.io/ASH_Putnam_Lab_Notebook/Lifestage-Carryover-Project-Sampling/,https://github.com/RobertsLab/project-gigas-carryover/blob/main/lifestage_carryover/data/sampling_metadata/notebook_images/page5.jpeg
20240228,right-spat ,spat,206,control,high,1,5,RNA later 750 uL,10:33,kmd,4,YES,,,https://ahuffmyer.github.io/ASH_Putnam_Lab_Notebook/Lifestage-Carryover-Project-Sampling/,https://github.com/RobertsLab/project-gigas-carryover/blob/main/lifestage_carryover/data/sampling_metadata/notebook_images/page4.jpeg
20240228,right-spat ,spat,262,control,high,1,1,RNA later 750 uL,10:33,kmd,4,YES,,,https://ahuffmyer.github.io/ASH_Putnam_Lab_Notebook/Lifestage-Carryover-Project-Sampling/,https://github.com/RobertsLab/project-gigas-carryover/blob/main/lifestage_carryover/data/sampling_metadata/notebook_images/page4.jpeg
20240228,right-spat ,spat,274,control,high,1,6,RNA later 750 uL,10:33,kmd,5,YES,,,https://ahuffmyer.github.io/ASH_Putnam_Lab_Notebook/Lifestage-Carryover-Project-Sampling/,https://github.com/RobertsLab/project-gigas-carryover/blob/main/lifestage_carryover/data/sampling_metadata/notebook_images/page5.jpeg
20240228,right-spat ,spat,282,control,high,1,2,RNA later 750 uL,10:33,kmd,4,YES,,,https://ahuffmyer.github.io/ASH_Putnam_Lab_Notebook/Lifestage-Carryover-Project-Sampling/,https://github.com/RobertsLab/project-gigas-carryover/blob/main/lifestage_carryover/data/sampling_metadata/notebook_images/page4.jpeg
20240228,right-spat ,spat,284,control,high,1,4,RNA later 750 uL,10:33,kmd,4,YES,,,https://ahuffmyer.github.io/ASH_Putnam_Lab_Notebook/Lifestage-Carryover-Project-Sampling/,https://github.com/RobertsLab/project-gigas-carryover/blob/main/lifestage_carryover/data/sampling_metadata/notebook_images/page4.jpeg
20240228,right-spat ,spat,289,control,high,1,3,RNA later 750 uL,10:33,kmd,4,YES,,,https://ahuffmyer.github.io/ASH_Putnam_Lab_Notebook/Lifestage-Carryover-Project-Sampling/,https://github.com/RobertsLab/project-gigas-carryover/blob/main/lifestage_carryover/data/sampling_metadata/notebook_images/page4.jpeg
20240228,right-spat ,spat,27,control,high,1,15,Snap frozen ,10:39,kmd,5,,,,https://ahuffmyer.github.io/ASH_Putnam_Lab_Notebook/Lifestage-Carryover-Project-Sampling/,https://github.com/RobertsLab/project-gigas-carryover/blob/main/lifestage_carryover/data/sampling_metadata/notebook_images/page5.jpeg
20240228,right-spat ,spat,74,control,high,1,17,Snap frozen ,10:39,kmd,5,,,,https://ahuffmyer.github.io/ASH_Putnam_Lab_Notebook/Lifestage-Carryover-Project-Sampling/,https://github.com/RobertsLab/project-gigas-carryover/blob/main/lifestage_carryover/data/sampling_metadata/notebook_images/page5.jpeg
20240228,right-spat ,spat,93,control,high,1,16,Snap frozen ,10:39,kmd,5,,,,https://ahuffmyer.github.io/ASH_Putnam_Lab_Notebook/Lifestage-Carryover-Project-Sampling/,https://github.com/RobertsLab/project-gigas-carryover/blob/main/lifestage_carryover/data/sampling_metadata/notebook_images/page5.jpeg
20240228,right-spat ,spat,96,control,high,1,13,Snap frozen ,10:39,kmd,5,,,,https://ahuffmyer.github.io/ASH_Putnam_Lab_Notebook/Lifestage-Carryover-Project-Sampling/,https://github.com/RobertsLab/project-gigas-carryover/blob/main/lifestage_carryover/data/sampling_metadata/notebook_images/page5.jpeg
20240228,right-spat ,spat,97,control,high,1,14,Snap frozen ,10:39,kmd,5,,,,https://ahuffmyer.github.io/ASH_Putnam_Lab_Notebook/Lifestage-Carryover-Project-Sampling/,https://github.com/RobertsLab/project-gigas-carryover/blob/main/lifestage_carryover/data/sampling_metadata/notebook_images/page5.jpeg
20240228,left-spat,spat,121,treated,ambient,1,11,DNA 70% ethanol,09:53,kmd,1,,,,https://ahuffmyer.github.io/ASH_Putnam_Lab_Notebook/Lifestage-Carryover-Project-Sampling/,https://github.com/RobertsLab/project-gigas-carryover/blob/main/lifestage_carryover/data/sampling_metadata/notebook_images/page1.jpeg
20240228,left-spat,spat,145,treated,ambient,1,12,DNA 70% ethanol,09:55,kmd,1,,,,https://ahuffmyer.github.io/ASH_Putnam_Lab_Notebook/Lifestage-Carryover-Project-Sampling/,https://github.com/RobertsLab/project-gigas-carryover/blob/main/lifestage_carryover/data/sampling_metadata/notebook_images/page1.jpeg
20240228,left-spat,spat,151,treated,ambient,1,7,DNA 70% ethanol,09:51,kmd,1,,,,https://ahuffmyer.github.io/ASH_Putnam_Lab_Notebook/Lifestage-Carryover-Project-Sampling/,https://github.com/RobertsLab/project-gigas-carryover/blob/main/lifestage_carryover/data/sampling_metadata/notebook_images/page1.jpeg
20240228,left-spat,spat,174,treated,ambient,1,8,DNA 70% ethanol,09:51,kmd,1,,,,https://ahuffmyer.github.io/ASH_Putnam_Lab_Notebook/Lifestage-Carryover-Project-Sampling/,https://github.com/RobertsLab/project-gigas-carryover/blob/main/lifestage_carryover/data/sampling_metadata/notebook_images/page1.jpeg
20240228,left-spat,spat,194,treated,ambient,1,10,DNA 70% ethanol,09:53,kmd,1,,,,https://ahuffmyer.github.io/ASH_Putnam_Lab_Notebook/Lifestage-Carryover-Project-Sampling/,https://github.com/RobertsLab/project-gigas-carryover/blob/main/lifestage_carryover/data/sampling_metadata/notebook_images/page1.jpeg
20240228,left-spat,spat,198,treated,ambient,1,9,DNA 70% ethanol,09:53,kmd,1,,,,https://ahuffmyer.github.io/ASH_Putnam_Lab_Notebook/Lifestage-Carryover-Project-Sampling/,https://github.com/RobertsLab/project-gigas-carryover/blob/main/lifestage_carryover/data/sampling_metadata/notebook_images/page1.jpeg
20240228,left-spat,spat,197,treated,ambient,1,2,RNA later 750 uL,09:50,kmd,1,,,,https://ahuffmyer.github.io/ASH_Putnam_Lab_Notebook/Lifestage-Carryover-Project-Sampling/,https://github.com/RobertsLab/project-gigas-carryover/blob/main/lifestage_carryover/data/sampling_metadata/notebook_images/page1.jpeg
20240228,left-spat,spat,216,treated,ambient,1,6,RNA later 750 uL,09:51,kmd,1,,,,https://ahuffmyer.github.io/ASH_Putnam_Lab_Notebook/Lifestage-Carryover-Project-Sampling/,https://github.com/RobertsLab/project-gigas-carryover/blob/main/lifestage_carryover/data/sampling_metadata/notebook_images/page1.jpeg
20240228,left-spat,spat,235,treated,ambient,1,5,RNA later 750 uL,09:51,kmd,1,,,,https://ahuffmyer.github.io/ASH_Putnam_Lab_Notebook/Lifestage-Carryover-Project-Sampling/,https://github.com/RobertsLab/project-gigas-carryover/blob/main/lifestage_carryover/data/sampling_metadata/notebook_images/page1.jpeg
20240228,left-spat,spat,241,treated,ambient,1,1,RNA later 750 uL,09:50,kmd,1,,,,https://ahuffmyer.github.io/ASH_Putnam_Lab_Notebook/Lifestage-Carryover-Project-Sampling/,https://github.com/RobertsLab/project-gigas-carryover/blob/main/lifestage_carryover/data/sampling_metadata/notebook_images/page1.jpeg
20240228,left-spat,spat,252,treated,ambient,1,3,RNA later 750 uL,09:50,kmd,1,,,,https://ahuffmyer.github.io/ASH_Putnam_Lab_Notebook/Lifestage-Carryover-Project-Sampling/,https://github.com/RobertsLab/project-gigas-carryover/blob/main/lifestage_carryover/data/sampling_metadata/notebook_images/page1.jpeg
20240228,left-spat,spat,291,treated,ambient,1,4,RNA later 750 uL,09:51,kmd,1,,,,https://ahuffmyer.github.io/ASH_Putnam_Lab_Notebook/Lifestage-Carryover-Project-Sampling/,https://github.com/RobertsLab/project-gigas-carryover/blob/main/lifestage_carryover/data/sampling_metadata/notebook_images/page1.jpeg
20240228,left-spat,spat,9,treated,ambient,1,16,Snap frozen ,10:04,kmd,2,,,,https://ahuffmyer.github.io/ASH_Putnam_Lab_Notebook/Lifestage-Carryover-Project-Sampling/,https://github.com/RobertsLab/project-gigas-carryover/blob/main/lifestage_carryover/data/sampling_metadata/notebook_images/page2.jpeg
20240228,left-spat,spat,38,treated,ambient,1,14,Snap frozen ,10:02,kmd,1,,,,https://ahuffmyer.github.io/ASH_Putnam_Lab_Notebook/Lifestage-Carryover-Project-Sampling/,https://github.com/RobertsLab/project-gigas-carryover/blob/main/lifestage_carryover/data/sampling_metadata/notebook_images/page1.jpeg
20240228,left-spat,spat,46,treated,ambient,1,13,Snap frozen ,10:02,kmd,1,,,,https://ahuffmyer.github.io/ASH_Putnam_Lab_Notebook/Lifestage-Carryover-Project-Sampling/,https://github.com/RobertsLab/project-gigas-carryover/blob/main/lifestage_carryover/data/sampling_metadata/notebook_images/page1.jpeg
20240228,left-spat,spat,47,treated,ambient,1,15,Snap frozen ,10:02,kmd,2,,,,https://ahuffmyer.github.io/ASH_Putnam_Lab_Notebook/Lifestage-Carryover-Project-Sampling/,https://github.com/RobertsLab/project-gigas-carryover/blob/main/lifestage_carryover/data/sampling_metadata/notebook_images/page2.jpeg
20240228,left-spat,spat,13*,treated,ambient,1,17,Snap frozen ,10:04,kmd,2,,,duplicate no. 13 labels. One is adult and one is spat. This tube should have a whole spat. Confirm label,https://ahuffmyer.github.io/ASH_Putnam_Lab_Notebook/Lifestage-Carryover-Project-Sampling/,https://github.com/RobertsLab/project-gigas-carryover/blob/main/lifestage_carryover/data/sampling_metadata/notebook_images/page2.jpeg
20240228,left-spat,spat,124,treated,high,1,12,DNA 70% ethanol,10:21,kmd,4,,,,https://ahuffmyer.github.io/ASH_Putnam_Lab_Notebook/Lifestage-Carryover-Project-Sampling/,https://github.com/RobertsLab/project-gigas-carryover/blob/main/lifestage_carryover/data/sampling_metadata/notebook_images/page4.jpeg
20240228,left-spat,spat,126,treated,high,1,9,DNA 70% ethanol,10:21,kmd,4,,,,https://ahuffmyer.github.io/ASH_Putnam_Lab_Notebook/Lifestage-Carryover-Project-Sampling/,https://github.com/RobertsLab/project-gigas-carryover/blob/main/lifestage_carryover/data/sampling_metadata/notebook_images/page4.jpeg
20240228,left-spat,spat,131,treated,high,1,7,DNA 70% ethanol,10:21,kmd,3,,,,https://ahuffmyer.github.io/ASH_Putnam_Lab_Notebook/Lifestage-Carryover-Project-Sampling/,https://github.com/RobertsLab/project-gigas-carryover/blob/main/lifestage_carryover/data/sampling_metadata/notebook_images/page3.jpeg
20240228,left-spat,spat,160,treated,high,1,8,DNA 70% ethanol,10:21,kmd,3,,,,https://ahuffmyer.github.io/ASH_Putnam_Lab_Notebook/Lifestage-Carryover-Project-Sampling/,https://github.com/RobertsLab/project-gigas-carryover/blob/main/lifestage_carryover/data/sampling_metadata/notebook_images/page3.jpeg
20240228,left-spat,spat,163,treated,high,1,10,DNA 70% ethanol,10:21,kmd,4,,,,https://ahuffmyer.github.io/ASH_Putnam_Lab_Notebook/Lifestage-Carryover-Project-Sampling/,https://github.com/RobertsLab/project-gigas-carryover/blob/main/lifestage_carryover/data/sampling_metadata/notebook_images/page4.jpeg
20240228,left-spat,spat,172,treated,high,1,11,DNA 70% ethanol,10:21,kmd,4,,,,https://ahuffmyer.github.io/ASH_Putnam_Lab_Notebook/Lifestage-Carryover-Project-Sampling/,https://github.com/RobertsLab/project-gigas-carryover/blob/main/lifestage_carryover/data/sampling_metadata/notebook_images/page4.jpeg
20240228,left-spat,spat,220,treated,high,1,1,RNA later 750 uL,10:18,kmd,3,YES,,,https://ahuffmyer.github.io/ASH_Putnam_Lab_Notebook/Lifestage-Carryover-Project-Sampling/,https://github.com/RobertsLab/project-gigas-carryover/blob/main/lifestage_carryover/data/sampling_metadata/notebook_images/page3.jpeg
20240228,left-spat,spat,226,treated,high,1,3,RNA later 750 uL,10:18,kmd,3,YES,,,https://ahuffmyer.github.io/ASH_Putnam_Lab_Notebook/Lifestage-Carryover-Project-Sampling/,https://github.com/RobertsLab/project-gigas-carryover/blob/main/lifestage_carryover/data/sampling_metadata/notebook_images/page3.jpeg
20240228,left-spat,spat,242,treated,high,1,2,RNA later 750 uL,10:18,kmd,3,YES,,,https://ahuffmyer.github.io/ASH_Putnam_Lab_Notebook/Lifestage-Carryover-Project-Sampling/,https://github.com/RobertsLab/project-gigas-carryover/blob/main/lifestage_carryover/data/sampling_metadata/notebook_images/page3.jpeg
20240228,left-spat,spat,253,treated,high,1,4,RNA later 750 uL,10:18,kmd,3,YES,,,https://ahuffmyer.github.io/ASH_Putnam_Lab_Notebook/Lifestage-Carryover-Project-Sampling/,https://github.com/RobertsLab/project-gigas-carryover/blob/main/lifestage_carryover/data/sampling_metadata/notebook_images/page3.jpeg
20240228,left-spat,spat,296,treated,high,1,6,RNA later 750 uL,10:18,kmd,3,YES,,,https://ahuffmyer.github.io/ASH_Putnam_Lab_Notebook/Lifestage-Carryover-Project-Sampling/,https://github.com/RobertsLab/project-gigas-carryover/blob/main/lifestage_carryover/data/sampling_metadata/notebook_images/page3.jpeg
20240228,left-spat,spat,298,treated,high,1,5,RNA later 750 uL,10:18,kmd,3,YES,,,https://ahuffmyer.github.io/ASH_Putnam_Lab_Notebook/Lifestage-Carryover-Project-Sampling/,https://github.com/RobertsLab/project-gigas-carryover/blob/main/lifestage_carryover/data/sampling_metadata/notebook_images/page3.jpeg
20240228,left-spat,spat,6,treated,high,1,17,Snap frozen ,10:25,kmd,4,,,,https://ahuffmyer.github.io/ASH_Putnam_Lab_Notebook/Lifestage-Carryover-Project-Sampling/,https://github.com/RobertsLab/project-gigas-carryover/blob/main/lifestage_carryover/data/sampling_metadata/notebook_images/page4.jpeg
20240228,left-spat,spat,25,treated,high,1,16,Snap frozen ,10:25,kmd,4,,,,https://ahuffmyer.github.io/ASH_Putnam_Lab_Notebook/Lifestage-Carryover-Project-Sampling/,https://github.com/RobertsLab/project-gigas-carryover/blob/main/lifestage_carryover/data/sampling_metadata/notebook_images/page4.jpeg
20240228,left-spat,spat,50,treated,high,1,15,Snap frozen ,10:25,kmd,4,,,,https://ahuffmyer.github.io/ASH_Putnam_Lab_Notebook/Lifestage-Carryover-Project-Sampling/,https://github.com/RobertsLab/project-gigas-carryover/blob/main/lifestage_carryover/data/sampling_metadata/notebook_images/page4.jpeg
20240228,left-spat,spat,78,treated,high,1,14,Snap frozen ,10:25,kmd,4,,,,https://ahuffmyer.github.io/ASH_Putnam_Lab_Notebook/Lifestage-Carryover-Project-Sampling/,https://github.com/RobertsLab/project-gigas-carryover/blob/main/lifestage_carryover/data/sampling_metadata/notebook_images/page4.jpeg
20240228,left-spat,spat,unknown,treated,high,1,13,Snap frozen ,10:25,kmd,4,,,"put in nitrogen before tube id was recorded; we only did this once today, so if there is one tube in the box not listed on this dataframe, this is that sample ",https://ahuffmyer.github.io/ASH_Putnam_Lab_Notebook/Lifestage-Carryover-Project-Sampling/,https://github.com/RobertsLab/project-gigas-carryover/blob/main/lifestage_carryover/data/sampling_metadata/notebook_images/page4.jpeg